specObjID,ra,dec,data['z'],zErr,velocity,distance_Mpc,distance_ly
1.27835E+19,162.23074,27.770937,2.002617,-1,600368.5557,8576.693652,27960021307
1.24525E+19,24.66213,14.18002,2.002617,-1,600368.5557,8576.693652,27960021307
1.24525E+19,24.302228,14.165467,2.002617,-1,600368.5557,8576.693652,27960021307
1.20956E+19,228.90411,37.504744,2.001926,-1,600161.3994,8573.734277,27950373743
1.27553E+19,329.51459,2.4486993,2.001926,-1,600161.3994,8573.734277,27950373743
8.30243E+18,130.03754,55.215829,2.001735,0.000684379,600104.1391,8572.916273,27947707050
9.45442E+18,228.09281,51.393434,2.001671,0.000935353,600084.9524,8572.642178,27946813499
9.85639E+18,16.618584,6.4456812,2.001259,0.00027112,599961.4381,8570.877688,27941061261
8.65614E+18,25.712868,26.303233,2.001235,-1,599954.2431,8570.774902,27940726180
9.0714E+18,252.01333,52.168472,2.000773,0.000211655,599815.7392,8568.796275,27934275855
1.27802E+19,153.93948,27.67742,2.000743,0.001041806,599806.7455,8568.667792,27933857003
8.31826E+18,156.87976,45.631707,2.000742,0.000970837,599806.4457,8568.663509,27933843041
1.27803E+19,155.02643,28.912201,2.000695,0.000997477,599792.3554,8568.462221,27933186839
8.72362E+18,359.84788,32.978476,2.000574,0.000903214,599756.0806,8567.944009,27931497468
1.30167E+19,0.35267884,10.972972,2.000549,0.000658332,599748.5858,8567.83694,27931148425
9.58819E+18,233.09355,41.901714,2.000413,0.001109573,599707.8141,8567.254487,27929249628
1.05599E+19,23.123202,-2.0931057,2.000056,0.000402399,599600.7884,8565.725548,27924265286
1.24446E+19,27.111501,11.620221,2.000006,0.00138681,599585.7988,8565.511411,27923567199
9.41725E+18,159.63574,43.012205,1.999903,0.000673556,599554.9202,8565.070288,27922129140
1.03945E+19,329.67422,-0.683206,1.999896,0.000593736,599552.8216,8565.040309,27922031407
1.24525E+19,23.497028,13.982861,1.999583,0.00030775,599458.9867,8563.699811,27917661382
8.67748E+18,329.15465,29.786741,1.999557,0.001135468,599451.1921,8563.588459,27917298377
7.19575E+18,120.41125,44.931539,1.999512,12.15888,599437.7015,8563.395736,27916670099
9.60185E+18,240.4881,42.164122,1.999498,4.11E-05,599433.5044,8563.335777,27916474634
9.84953E+18,7.3421172,6.3720747,1.999487,4.25E-05,599430.2067,8563.288667,27916321055
9.48365E+18,228.04822,59.291281,1.999206,0.002656224,599345.9652,8562.085216,27912397806
1.08123E+19,137.59082,26.717833,1.999116,0.000929937,599318.9839,8561.69977,27911141249
1.21057E+19,217.72192,38.936425,1.998863,55.37503,599243.1365,8560.616236,27907608928
1.07682E+19,134.44303,20.072287,1.998795,0.001260343,599222.7506,8560.325009,27906659530
8.23845E+18,122.21597,51.016968,1.998443,0.00118055,599117.2239,8558.817484,27901744997
4.7582E+18,15.768277,0.27055492,1.998432,0.001143401,599113.9261,8558.770373,27901591418
1.20011E+19,128.97104,28.940918,1.998142,0.000526881,599026.9865,8557.528378,27897542512
1.17895E+19,160.19942,30.880894,1.998041,0.001505334,598996.7075,8557.095821,27896132377
1.17737E+19,157.48847,26.185124,1.997957,0.000797613,598971.5249,8556.736071,27894959590
1.08188E+19,135.91192,27.952003,1.99758,0.000393815,598858.5034,8555.121477,27889696014
8.2306E+18,129.56955,51.063733,1.996763,7.48E-05,598613.5733,8551.622476,27878289271
1.17861E+19,160.89221,24.42549,1.996749,0.01388125,598609.3762,8551.562517,27878093806
1.03089E+19,351.68844,0.034830589,1.996387,0.001918261,598500.8515,8550.012164,27873039656
8.35869E+18,185.81151,48.086704,1.996215,0.001836331,598449.2873,8549.275533,27870638236
1.27013E+19,356.81757,2.3939909,1.996196,0.000760533,598443.5912,8549.19416,27870372963
8.81818E+18,35.443635,-2.6439953,1.996187,0.001480257,598440.8931,8549.155616,27870247307
1.31204E+19,257.18929,31.622334,1.996093,0.000870897,598412.7127,8548.753038,27868934904
1.05274E+19,9.5372119,-1.8069747,1.996045,0.001183117,598398.3226,8548.547466,27868264740
8.21928E+18,121.66772,53.996964,1.996038,6.25E-05,598396.2241,8548.517487,27868167008
1.02986E+19,335.52586,-1.9242996,1.99602,7.36E-05,598390.8278,8548.440398,27867915697
1.15497E+19,204.71233,34.154067,1.995899,0.001661018,598354.553,8547.922186,27866226326
7.80376E+18,212.96045,54.022783,1.995648,0.001156392,598279.3052,8546.847217,27862721929
1.03303E+19,350.20115,2.2267309,1.995589,0.0021185,598261.6175,8546.594536,27861898186
9.32484E+18,133.97178,44.636385,1.995524,0.000715566,598242.131,8546.316157,27860990673
8.72028E+18,2.8909106,32.302081,1.995393,9.97E-05,598202.8583,8545.755118,27859161684
8.82708E+18,29.208557,-0.30120135,1.99539,0.7015654,598201.9589,8545.74227,27859119799
1.17467E+19,131.33584,30.803003,1.995367,0.01851584,598195.0637,8545.643767,27858798679
9.23371E+18,201.02565,58.363353,1.995071,0.000856921,598106.3252,8544.376075,27854666004
1.06118E+19,31.033493,4.2501346,1.994906,0.00042424,598056.8596,8543.669422,27852362316
9.21666E+18,157.47247,56.812674,1.994447,0.000674734,597919.255,8541.703643,27845953877
1.27555E+19,327.39033,3.6906735,1.994385,0.000929947,597900.6679,8541.438113,27845088249
1.15879E+19,118.19183,30.785586,1.994349,0.000489162,597889.8754,8541.283934,27844585626
1.07503E+19,140.7052,17.492343,1.994257,0.001048091,597862.2945,8540.889922,27843301146
8.67627E+18,344.88173,26.578443,1.994228,0.000494555,597853.6006,8540.765723,27842896255
1.07851E+19,148.62266,20.064154,1.994085,0.001304561,597810.7303,8540.15329,27840899726
1.2295E+19,249.6981,32.033555,1.993974,0.000438345,597777.4534,8539.677906,27839349973
9.46558E+18,232.61872,51.363752,1.99394,1.356982,597767.2605,8539.532293,27838875274
4.93841E+18,38.5506,-3.9623028,1.993694,0.001196871,597693.5116,8538.478738,27835440685
8.56153E+18,351.65149,21.315937,1.993595,0.001184593,597663.8322,8538.054746,27834058473
9.14589E+18,34.057784,-4.4749559,1.993493,0.00077522,597633.2535,8537.617907,27832634375
9.41272E+18,166.50674,44.708848,1.993452,0.001067993,597620.962,8537.442314,27832061944
9.6098E+18,256.60702,45.478929,1.99337,0.001190606,597596.379,8537.091129,27830917081
1.15811E+19,116.60133,27.396158,1.993306,0.497013,597577.1924,8536.817034,27830023530
1.08055E+19,138.00301,26.001692,1.992972,0.001370245,597477.0618,8535.386597,27825360308
1.25043E+19,130.16321,21.693494,1.992728,0.001267013,597403.9126,8534.341608,27821953643
8.54015E+18,338.91454,21.970809,1.992655,0.000249867,597382.0278,8534.028968,27820934436
9.95194E+18,198.63918,38.160851,1.992073,0.000877737,597207.5488,8531.536412,27812808702
1.05082E+19,19.400164,-2.9368685,1.991939,0.000810185,597167.3767,8530.962524,27810937829
1.05611E+19,40.998256,1.3961553,1.991831,0.000553733,597134.9992,8530.499988,27809429961
1.0802E+19,129.89654,21.425324,1.991717,0.000823255,597100.8229,8530.011755,27807838322
8.81711E+18,34.751447,0.57702721,1.991337,0.001058613,596986.9019,8528.384313,27802532860
9.43297E+18,200.10674,44.380104,1.991264,0.05957601,596965.0171,8528.071673,27801513653
9.59622E+18,226.87671,40.317408,1.991258,1.766035,596963.2183,8528.045976,27801429883
1.20956E+19,229.12575,36.579028,1.99121,0.00048117,596948.8283,8527.840405,27800759719
7.19245E+18,116.91473,46.714076,1.991141,0.000503046,596928.1427,8527.544895,27799796359
1.08257E+19,150.29,22.817628,1.991058,0.000374782,596903.2599,8527.189428,27798637534
1.29997E+19,359.23969,9.7939727,1.990201,0.001355698,596646.3382,8523.519117,27786672322
9.6075E+18,252.83853,43.188996,1.989877,0.000105816,596549.2056,8522.131508,27782148717
9.93281E+18,158.95526,38.892534,1.989854,0.01149205,596542.3104,8522.033005,27781827597
1.22848E+19,249.54592,34.315206,1.989842,0.3839916,596538.7129,8521.981612,27781660056
9.90018E+18,25.526115,0.36475737,1.989822,0.001449483,596532.717,8521.895957,27781380821
8.71585E+18,7.1763764,31.954802,1.989761,0.000466005,596514.4297,8521.63471,27780529155
1.20101E+19,134.9334,30.741018,1.989735,0.000536849,596506.6351,8521.523359,27780166150
1.05588E+19,27.615613,-0.12905451,1.98954,0.001542228,596448.1757,8520.688224,27777443610
1.25191E+19,120.86972,22.349101,1.98951,-1,596439.1819,8520.559742,27777024758
1.28296E+19,187.24095,30.606855,1.989369,0.001418537,596396.9112,8519.955875,27775056152
1.03764E+19,341.4985,-0.48859446,1.989183,0.000884766,596341.1499,8519.159285,27772459268
8.82714E+18,28.322594,-0.7370053,1.989163,5.75E-05,596335.1541,8519.07363,27772180034
1.02965E+19,330.13198,-0.53195704,1.988961,0.000499203,596274.5961,8518.208516,27769359762
8.63476E+18,351.53709,25.318398,1.988828,0.000813938,596234.7238,8517.638911,27767502850
1.06095E+19,31.734413,4.3185435,1.988739,0.001113871,596208.0423,8517.257747,27766260255
9.41955E+18,166.99152,42.024132,1.988675,0.000480618,596188.8556,8516.983651,27765366704
8.54567E+18,5.9228799,17.502791,1.988616,0.000642023,596171.1679,8516.73097,27764542961
1.05735E+19,18.937101,-0.14356404,1.98842,0.000520147,596112.4086,8515.891552,27761806460
8.85538E+18,5.004457,-1.1672565,1.988207,0.000549732,596048.5529,8514.979328,27758832609
1.03977E+19,331.54484,0.83009745,1.987905,0.000889865,595958.0158,8513.685939,27754616163
1.05114E+19,17.279629,-4.0688473,1.987756,0.000780216,595913.3468,8513.047811,27752535863
1.15147E+19,141.66705,33.68267,1.987697,0.00116883,595895.659,8512.795129,27751712120
4.75945E+18,19.947582,0.54472417,1.987594,0.000623107,595864.7804,8512.354006,27750274061
9.86872E+18,352.45358,0.2962028,1.987554,0.000930911,595852.7888,8512.182697,27749715591
8.8453E+18,10.54182,2.8898058,1.987343,0.000681847,595789.5327,8511.279038,27746769664
1.05149E+19,13.109407,-3.9909271,1.98717,0.001361232,595737.6686,8510.538123,27744354282
1.0372E+19,349.32432,0.3110991,1.987112,0.000771077,595720.2807,8510.289724,27743544501
9.20774E+18,162.21844,56.208421,1.987037,0.000152369,595697.7963,8509.968519,27742497371
1.27835E+19,162.48489,27.574722,1.986893,0.000180741,595654.6263,8509.351804,27740486880
1.07659E+19,139.63506,20.606486,1.986888,0.000422496,595653.1273,8509.33039,27740417071
8.36883E+18,200.67322,48.842005,1.986838,0.001182492,595638.1377,8509.116253,27739718984
1.04811E+19,14.436829,-2.4622413,1.986785,0.000807028,595622.2487,8508.889267,27738979012
1.05565E+19,36.21321,-2.2207151,1.986742,0.00075153,595609.3577,8508.705109,27738378657
1.06062E+19,38.851826,3.1981188,1.986719,0.000543115,595602.4624,8508.606606,27738057537
1.05656E+19,29.18245,-1.0636999,1.986576,0.000946787,595559.5922,8507.994174,27736061008
8.69999E+18,19.092781,30.434942,1.986569,0.000500569,595557.4936,8507.964195,27735963276
9.44991E+18,212.25389,59.687599,1.986554,0.000299306,595552.9968,8507.899954,27735753849
7.19236E+18,115.78189,44.859859,1.986443,1.476097,595519.7199,8507.424569,27734204096
8.21025E+18,146.54069,50.274974,1.986431,1.602154,595516.1224,8507.373176,27734036555
9.43169E+18,198.7214,42.821557,1.986378,7.47E-05,595500.2334,8507.146191,27733296583
1.23007E+19,233.01858,34.979627,1.986374,0.001015297,595499.0342,8507.12906,27733240736
9.24722E+18,194.3632,59.94797,1.986306,0.000671808,595478.6484,8506.837834,27732291338
9.14702E+18,34.829038,-4.1534322,1.98603,0.001368841,595395.9058,8505.655797,27728437897
9.47004E+18,221.08191,56.977768,1.985945,0.000611467,595370.4234,8505.291763,27727251149
8.61208E+18,333.98112,25.887062,1.985772,0.001042236,595318.5594,8504.550849,27724835767
8.15173E+18,21.964184,22.460748,1.985745,6.02E-05,595310.465,8504.435215,27724458800
1.22737E+19,255.4566,33.821946,1.985724,3.46E-05,595304.1694,8504.345277,27724165604
9.23256E+18,197.50739,59.027056,1.985695,0.000854933,595295.4754,8504.221078,27723760713
8.54458E+18,6.4980386,19.995862,1.985592,0.002093279,595264.5969,8503.779955,27722322654
1.08392E+19,150.17238,26.770462,1.985532,0.000867402,595246.6093,8503.522991,27721484949
1.27791E+19,150.37653,28.969263,1.985515,0.001136152,595241.5129,8503.450184,27721247600
1.06264E+19,20.571899,4.7591019,1.985383,0.000871578,595201.9403,8502.884862,27719404650
1.25033E+19,133.45653,23.177571,1.985276,0.001252588,595169.8626,8502.426608,27717910744
1.24547E+19,26.561053,8.7959334,1.985237,0.001851083,595158.1707,8502.259581,27717366236
9.89785E+18,22.355309,-0.67501626,1.985024,0.2945894,595094.315,8501.347357,27714392385
8.63815E+18,10.819513,24.726851,1.984917,0.0004252,595062.2373,8500.889104,27712898478
9.25962E+18,177.47444,51.750501,1.984886,0.001106638,595052.9437,8500.756339,27712465664
8.55246E+18,358.71682,18.332908,1.984695,-5,594995.6834,8499.938335,27709798972
9.96986E+18,156.26571,37.046403,1.984624,0.000700527,594974.3982,8499.63426,27708807688
8.30916E+18,166.24322,47.923517,1.984374,8.82E-05,594899.4502,8498.563574,27705317253
8.35664E+18,188.38991,47.010175,1.984314,18.21042,594881.4627,8498.30661,27704479548
1.03662E+19,342.1579,0.23400504,1.984294,0.001034652,594875.4668,8498.220955,27704200313
9.21212E+18,150.55935,52.026343,1.984285,7.23E-05,594872.7687,8498.18241,27704074658
8.65168E+18,22.446243,23.9909,1.984136,0.001330348,594828.0997,8497.544282,27701994358
8.67294E+18,348.30458,25.393495,1.983997,0.000231559,594786.4286,8496.94898,27700053676
9.57024E+18,212.89137,45.155221,1.983929,0.000573747,594766.0428,8496.657754,27699104277
1.0399E+19,332.38248,-1.0098118,1.983626,3.141954,594675.2058,8495.360083,27694873870
1.27835E+19,161.95803,27.906539,1.983253,0.000723036,594563.3834,8493.76262,27689666140
8.71802E+18,4.7298847,36.192763,1.983198,0.00065881,594546.8948,8493.527069,27688898244
1.03585E+19,355.51333,1.4548728,1.983003,4.99E-05,594488.4354,8492.691934,27686175705
1.24424E+19,24.574185,15.090996,1.98299,0.7965617,594484.5381,8492.636258,27685994202
1.08381E+19,153.20405,26.108298,1.982937,0.1169957,594468.6491,8492.409273,27685254230
8.31818E+18,158.83311,45.693862,1.982589,0.001276019,594364.3215,8490.918878,27680395544
8.23948E+18,124.04046,49.091343,1.982583,0.000596759,594362.5227,8490.893182,27680311773
8.70785E+18,26.00891,31.635316,1.98257,0.001055141,594358.6254,8490.837506,27680130270
1.05138E+19,11.665344,-3.4387392,1.982334,0.001327775,594287.8745,8489.826779,27676835299
9.58046E+18,237.77663,42.958949,1.982318,0.2369137,594283.0779,8489.758255,27676611912
8.67628E+18,344.89729,26.672299,1.982194,0.001261875,594245.9036,8489.227195,27674880656
8.36561E+18,205.57258,50.410156,1.982068,0.001092055,594208.1299,8488.687569,27673121476
9.15374E+18,36.972893,-4.7696319,1.981983,0.000952398,594182.6475,8488.323536,27671934728
1.22848E+19,248.69522,35.097361,1.981882,0.000832774,594152.3685,8487.890979,27670524592
9.20333E+18,156.60274,52.882467,1.981757,0.00124666,594114.8945,8487.355636,27668779374
1.07952E+19,149.23491,13.932629,1.981697,0.000715154,594096.907,8487.098672,27667941670
9.89563E+18,17.355077,-0.29868093,1.981653,4.946099,594083.7162,8486.910231,27667327353
9.41597E+18,155.8918,41.096088,1.981616,0.00015084,594072.6239,8486.75177,27666810769
9.4938E+18,225.19231,49.688151,1.981599,0.276321,594067.5274,8486.678963,27666573419
1.23006E+19,231.8427,33.232847,1.981582,0.08750213,594062.4309,8486.606156,27666336070
1.03742E+19,345.82317,-0.72430297,1.981335,0.00099622,593988.3823,8485.548319,27662887519
1.27556E+19,329.05335,4.3246704,1.981329,0.000724283,593986.5836,8485.522622,27662803749
1.27272E+19,339.46974,5.5447803,1.980455,0.000659396,593724.5654,8481.779505,27650601187
1.15439E+19,198.66018,32.928363,1.980428,0.001664204,593716.471,8481.663871,27650224220
1.17929E+19,163.05867,26.512436,1.980321,0.000250593,593684.3932,8481.205618,27648730313
8.62338E+18,31.335601,26.265977,1.980297,0.000168979,593677.1982,8481.102832,27648395232
9.89782E+18,22.95569,-0.91098785,1.980225,0.240689,593655.6132,8480.794474,27647389986
1.23151E+19,222.83777,32.204922,1.980214,34.52755,593652.3155,8480.747364,27647236407
9.23036E+18,140.02296,59.572075,1.97999,0.000898766,593585.1621,8479.78803,27644108977
9.57822E+18,236.01738,46.500339,1.979817,0.000512332,593533.2981,8479.047115,27641693596
1.24525E+19,24.125405,13.078274,1.979777,9.81E-05,593521.3064,8478.875805,27641135126
1.02919E+19,322.14011,-1.3956479,1.979747,0.001173604,593512.3126,8478.747323,27640716274
8.89703E+18,5.96333,-3.2615364,1.979591,2.719374,593465.5451,8478.079215,27638538242
8.71343E+18,31.315929,28.212095,1.97959,0.00012637,593465.2453,8478.074933,27638524280
1.06366E+19,8.983462,4.8323067,1.979564,0.000338861,593457.4507,8477.963581,27638161275
8.15172E+18,21.662862,22.719786,1.979531,2.113355,593447.5576,8477.822251,27637700537
9.49135E+18,233.73065,48.482653,1.979525,0.2116906,593445.7588,8477.796554,27637616767
8.86652E+18,18.318373,-2.5957494,1.979032,0.00027786,593297.9613,8475.685162,27630733628
8.32401E+18,166.4279,46.728109,1.978907,3.663984,593260.4873,8475.149819,27628988411
1.02952E+19,329.92487,-0.84388386,1.978884,0.000492597,593253.5921,8475.051316,27628667291
8.81247E+18,36.863702,2.0300303,1.978842,2.019304,593241.0009,8474.871441,27628080897
9.96438E+18,165.61883,38.63714,1.978808,0.00072174,593230.8079,8474.725828,27627606198
1.05239E+19,6.251804,-1.9293838,1.978331,0.000657014,593087.8072,8472.682959,27620946447
9.45552E+18,217.57258,57.621723,1.978205,0.08921885,593050.0334,8472.143334,27619187268
1.03573E+19,356.33242,1.3492175,1.978194,0.000796517,593046.7356,8472.096224,27619033689
8.66727E+18,355.56962,28.236561,1.978186,0.4088057,593044.3373,8472.061962,27618921995
1.27049E+19,354.99865,5.4931016,1.97818,0.1318909,593042.5386,8472.036265,27618838224
8.21596E+18,144.19313,50.779263,1.978172,0.02793978,593040.1402,8472.002003,27618726530
1.20833E+19,240.96789,38.846234,1.978156,8.30E-05,593035.3436,8471.933479,27618503143
8.56149E+18,350.32142,19.789139,1.978149,0.000787114,593033.245,8471.9035,27618405410
1.08223E+19,126.35918,26.7435,1.978118,0.000620957,593023.9515,8471.770735,27617972596
1.20844E+19,242.87662,36.498221,1.977856,0.000532635,592945.406,8470.648656,27614314620
1.27825E+19,157.50256,28.206454,1.977557,0.000420227,592855.7681,8469.368116,27610140059
1.21182E+19,257.70577,39.222603,1.97751,0.5499404,592841.6779,8469.166827,27609483857
1.08133E+19,133.12643,26.651062,1.977274,0.000660542,592770.927,8468.1561,27606188886
8.68077E+18,337.16831,31.24057,1.977029,0.000616043,592697.478,8467.106828,27602768260
1.081E+19,128.21633,23.641165,1.976774,0.670538,592621.031,8466.014729,27599208016
1.27262E+19,345.39066,4.7391864,1.976162,0.001095655,592437.5583,8463.39369,27590663430
1.04891E+19,31.700049,-1.510907,1.976123,0.3275886,592425.8664,8463.226663,27590118922
9.15145E+18,35.461848,-3.886461,1.976116,0.000428426,592423.7679,8463.196684,27590021189
8.59858E+18,28.681076,22.700499,1.976075,2.217361,592411.4764,8463.021091,27589448758
1.06071E+19,37.528999,1.6868858,1.97605,0.000779117,592403.9816,8462.914023,27589099715
8.62906E+18,1.6457407,26.945694,1.975999,0.000911795,592388.6922,8462.695603,27588387666
9.24386E+18,200.52432,51.098755,1.975861,0.001403368,592347.3209,8462.104584,27586460945
1.31765E+19,147.1315,25.635805,1.975778,0.000652084,592322.4382,8461.749117,27585302121
1.03932E+19,327.43111,-0.34916299,1.975691,0.00042662,592296.3563,8461.376518,27584087449
1.15474E+19,204.55143,35.945118,1.97563,0.001647527,592278.069,8461.115271,27583235783
9.32145E+18,125.21912,43.728039,1.975429,0.1479255,592217.8108,8460.25444,27580429473
8.81022E+18,40.043414,-1.0828574,1.975081,0.001596846,592113.4832,8458.764045,27575570787
8.84523E+18,9.4976211,2.9051874,1.974843,0.00196118,592042.1327,8457.744752,27572247892
1.31202E+19,256.38103,30.890292,1.974808,0.000707644,592031.6399,8457.594856,27571759231
8.73825E+18,353.0467,31.117058,1.974804,0.001071366,592030.4408,8457.577725,27571703384
9.45434E+18,225.81153,51.884933,1.974652,0.000865231,591984.8724,8456.926748,27569581200
9.93852E+18,127.16912,40.403985,1.974622,0.000895244,591975.8786,8456.798266,27569162347
1.25067E+19,125.23826,21.94624,1.974305,0.000413171,591880.8446,8455.440637,27564736475
8.23055E+18,127.63423,50.762385,1.97423,0.000958094,591858.3602,8455.119431,27563689345
9.5838E+18,233.9376,42.672794,1.974184,0.000759747,591844.5697,8454.922425,27563047104
4.94854E+18,34.380616,-7.5855849,1.974118,0.000492662,591824.7835,8454.639764,27562125630
1.0792E+19,143.62013,15.561315,1.974055,0.000770831,591805.8966,8454.369951,27561246040
1.24683E+19,19.933388,10.892215,1.973968,0.001094679,591779.8147,8453.997352,27560031368
9.41264E+18,165.91006,42.906488,1.973795,0.000419006,591727.9506,8453.256438,27557615987
8.5503E+18,2.3254636,20.965652,1.973639,0.000743963,591681.1831,8452.58833,27555437955
8.3081E+18,120.90298,45.065593,1.973546,0.000882374,591653.3024,8452.190035,27554139513
1.28218E+19,169.66149,30.35202,1.97323,0.000913673,591558.5682,8450.836688,27549727603
8.60206E+18,328.94312,25.150911,1.973216,0.000352303,591554.3711,8450.77673,27549532138
8.87214E+18,40.435549,-5.232801,1.973195,0.001731977,591548.0754,8450.686792,27549238942
9.59287E+18,229.21829,43.098674,1.973133,0.000884265,591529.4883,8450.421262,27548373314
9.25179E+18,194.7329,55.290686,1.973123,0.001251472,591526.4904,8450.378435,27548233697
8.36233E+18,184.22664,46.489082,1.973095,0.002207289,591518.0962,8450.258518,27547842768
1.24525E+19,23.53588,14.081851,1.972974,0.000486615,591481.8214,8449.740306,27546153397
1.07929E+19,145.63903,14.020699,1.972936,0.001352708,591470.4293,8449.577562,27545622851
9.98913E+18,176.49838,37.03089,1.972819,0.000735868,591435.3536,8449.076481,27543989327
8.86655E+18,17.896518,-2.3560245,1.972815,0.000519227,591434.1545,8449.05935,27543933480
8.55571E+18,358.34249,18.218535,1.972733,0.000458592,591409.5715,8448.708165,27542788617
1.24381E+19,11.94115,9.6985789,1.972681,0.001535585,591393.9824,8448.485462,27542062607
1.05139E+19,12.757776,-3.5991002,1.972631,0.000734009,591378.9928,8448.271325,27541364520
1.15328E+19,140.05824,35.443626,1.9726,0.000383808,591369.6992,8448.13856,27540931706
8.68758E+18,9.4149951,33.630595,1.972526,0.000917575,591347.5146,8447.821637,27539898537
1.0319E+19,327.3305,2.0920803,1.972522,0.000792367,591346.3154,8447.804506,27539842690
1.05149E+19,13.122171,-3.9234182,1.97236,0.000683775,591297.7491,8447.110702,27537580888
9.84164E+18,357.88017,4.6561328,1.972357,0.001052015,591296.8497,8447.097853,27537539002
8.19321E+18,129.199,53.762116,1.972326,0.000627126,591287.5562,8446.965088,27537106188
8.72481E+18,0.687405,31.919796,1.972057,0.000311595,591206.9121,8445.813031,27533350480
1.03788E+19,342.17399,-0.70541196,1.972027,9.49E-05,591197.9184,8445.684548,27532931628
1.08381E+19,152.34142,26.212893,1.972,0.02748622,591189.824,8445.568914,27532554661
1.08402E+19,150.67089,26.028489,1.971974,0.001613708,591182.0294,8445.457563,27532191655
8.57053E+18,344.98498,21.151773,1.971962,0.000861653,591178.4319,8445.40617,27532024114
1.28174E+19,159.21738,31.581091,1.971938,0.00066837,591171.2369,8445.303384,27531689033
9.41937E+18,164.92304,40.980337,1.971813,0.00117801,591133.7629,8444.768041,27529943815
9.99591E+18,208.09165,36.193966,1.971584,0.000559612,591065.1105,8443.787293,27526746576
4.93934E+18,37.095437,-5.3266969,1.971549,0.000580243,591054.6178,8443.637397,27526257915
9.96432E+18,165.93977,37.128598,1.971527,0.000864593,591048.0224,8443.543177,27525950757
9.076E+18,246.02828,52.804838,1.971452,0.001043372,591025.538,8443.221971,27524903626
1.20956E+19,230.89471,37.182848,1.971424,0.000259648,591017.1438,8443.102054,27524512697
1.04969E+19,33.806116,-2.549794,1.971361,0.001675874,590998.2569,8442.832242,27523633108
9.26176E+18,183.78893,50.149664,1.971339,0.000459103,590991.6615,8442.738021,27523325949
9.9532E+18,183.49528,40.260466,1.97133,0.1653563,590988.9634,8442.699477,27523200294
1.21068E+19,218.97511,37.452887,1.97132,0.2381829,590985.9654,8442.656649,27523060676
8.7101E+18,27.319019,29.68889,1.971312,4.60E-05,590983.5671,8442.622387,27522948982
4.86078E+18,332.12152,4.7736966,1.971114,0.000738362,590924.2083,8441.774404,27520184557
8.65271E+18,22.287642,27.234403,1.971086,0.000689557,590915.8141,8441.654487,27519793629
8.72477E+18,359.72945,31.872383,1.970924,0.000635997,590867.2478,8440.960683,27517531826
1.07557E+19,143.2736,17.521621,1.970763,0.001646904,590818.9813,8440.271161,27515283986
9.32926E+18,148.58231,43.047381,1.970684,0.002135468,590795.2977,8439.932825,27514181008
1.30989E+19,339.31142,32.513178,1.970665,0.1830081,590789.6017,8439.851453,27513915735
1.27364E+19,5.8412423,9.7610098,1.969964,0.4446882,590579.4475,8436.84925,27504128554
8.19789E+18,121.97567,56.217115,1.969949,4.90E-05,590574.9506,8436.785009,27503919128
1.15292E+19,138.36118,33.183079,1.969778,0.000807113,590523.6862,8436.05266,27501531670
1.17883E+19,161.1961,26.306297,1.969694,0.000903959,590498.5036,8435.692909,27500358884
1.0802E+19,129.83898,21.685363,1.96957,0.001753348,590461.3294,8435.161849,27498627628
8.63136E+18,359.74838,25.95534,1.969522,0.000330433,590446.9394,8434.956277,27497957465
1.0489E+19,31.785053,-2.86237,1.969472,0.000903615,590431.9498,8434.74214,27497259378
1.0604E+19,40.403446,4.5133813,1.969428,0.000966288,590418.759,8434.5537,27496645061
8.59071E+18,18.166685,20.0437,1.969292,0.9441524,590377.9873,8433.971247,27494746264
1.05274E+19,9.7044501,-0.64606801,1.969287,0.09243505,590376.4883,8433.949833,27494676455
1.05329E+19,121.30035,34.587199,1.969252,0.000243371,590365.9956,8433.799937,27494187794
1.03146E+19,319.92438,2.3230664,1.969251,0.5771657,590365.6958,8433.795654,27494173833
1.22837E+19,245.99228,34.631133,1.969169,0.000415121,590341.1128,8433.444469,27493028970
9.94412E+18,141.77308,39.679889,1.969169,0.000338092,590341.1128,8433.444469,27493028970
1.06354E+19,9.038036,3.9377211,1.969047,0.001157561,590304.5382,8432.921975,27491325637
8.57041E+18,345.77341,20.269654,1.968921,0.001405947,590266.7644,8432.382349,27489566458
1.06051E+19,37.314807,4.7926148,1.968819,0.000958905,590236.1856,8431.945509,27488142360
8.6752E+18,345.38867,25.885639,1.968802,0.000454456,590231.0892,8431.872703,27487905011
8.81255E+18,35.270408,1.6046889,1.968628,0.000711992,590178.9254,8431.127505,27485475668
8.15836E+18,22.725937,18.408061,1.968627,0.001241205,590178.6256,8431.123223,27485461706
8.58072E+18,20.366256,18.589155,1.968598,0.1403934,590169.9316,8430.999023,27485056815
1.27296E+19,343.38006,5.7499846,1.968363,0.000822645,590099.4805,8429.992579,27481775806
8.63801E+18,9.3648118,24.096594,1.968142,0.001216818,590033.2265,8429.046092,27478690261
1.08404E+19,149.07865,26.827562,1.968018,0.001275931,589996.0523,8428.515032,27476959005
1.12592E+19,29.38962,28.198165,1.967993,0.00026241,589988.5575,8428.407964,27476609962
1.02966E+19,330.88348,0.036676713,1.967939,0.00094953,589972.3687,8428.176696,27475856027
1.28129E+19,150.15072,31.867104,1.967909,0.5675031,589963.3749,8428.048213,27475437175
1.08132E+19,134.31475,25.857079,1.967881,6.87E-05,589954.9808,8427.928296,27475046246
1.15811E+19,116.713,27.867687,1.967868,0.000211907,589951.0835,8427.872621,27474864744
8.89241E+18,1.9052034,-3.8340183,1.96781,0.000508382,589933.6955,8427.624222,27474054963
9.8395E+18,27.01738,4.3057931,1.96781,0.000770951,589933.6955,8427.624222,27474054963
9.22568E+18,147.97214,57.919605,1.967798,0.000458563,589930.098,8427.572829,27473887422
8.88805E+18,23.581043,-3.7336931,1.967574,0.000229575,589862.9446,8426.613494,27470759992
1.03797E+19,318.19575,-1.5675721,1.967459,0.000518357,589828.4685,8426.120979,27469154391
1.22962E+19,240.16958,33.886039,1.967432,0.000587826,589820.3741,8426.005345,27468777424
1.08426E+19,144.09848,26.381375,1.967325,0.001251353,589788.2964,8425.547091,27467283518
1.02921E+19,322.61524,0.18416559,1.967307,0.000379794,589782.9001,8425.470002,27467032207
9.07139E+18,252.0964,52.491315,1.967276,0.4925339,589773.6066,8425.337237,27466599393
8.71345E+18,30.929589,28.992017,1.967211,6.17E-05,589754.1201,8425.058859,27465691880
8.88922E+18,359.91276,-2.9928817,1.967205,3.139532,589752.3214,8425.033162,27465608109
9.89674E+18,19.763861,-1.1122464,1.967197,1.450819,589749.923,8424.9989,27465496415
1.05038E+19,23.08568,-1.3086496,1.967117,0.001192778,589725.9397,8424.656281,27464379476
1.1785E+19,163.20551,25.299348,1.967038,0.000979108,589702.2561,8424.317944,27463276498
8.60077E+18,328.04911,24.174702,1.966936,0.000149155,589671.6773,8423.881104,27461852401
9.44968E+18,214.2851,58.041543,1.9669,0.001393693,589660.8848,8423.726926,27461349778
9.45994E+18,214.6713,54.749689,1.966861,0.000297283,589649.1929,8423.559899,27460805270
1.30167E+19,1.1873733,11.249883,1.966536,0.09994064,589551.7605,8422.168007,27456267704
8.8553E+18,4.969566,-2.6580045,1.966504,0.001368638,589542.1672,8422.03096,27455820928
1.19978E+19,112.49901,41.711106,1.966501,6.306267,589541.2678,8422.018111,27455779043
4.94508E+18,35.44701,-8.7098957,1.966482,0.000154579,589535.5717,8421.936739,27455513770
8.68761E+18,10.158686,34.227957,1.966347,0.001265824,589495.0998,8421.358569,27453628935
1.05105E+19,23.385043,-3.2651121,1.966322,0.000664753,589487.605,8421.2515,27453279891
8.53006E+18,329.85735,23.709316,1.966215,0.000967559,589455.5273,8420.793247,27451785985
8.88923E+18,0.008742276,-3.9673261,1.966099,0.000808837,589420.7514,8420.296449,27450166423
8.53895E+18,339.65548,19.371948,1.96609,0.001044926,589418.0533,8420.257904,27450040767
8.70789E+18,26.888078,31.989962,1.965974,0.000309112,589383.2774,8419.761106,27448421205
1.04022E+19,335.4389,0.72758419,1.965936,0.000623421,589371.8853,8419.598362,27447890659
1.05013E+19,32.263975,-4.2411438,1.965932,0.00059868,589370.6861,8419.581231,27447834812
9.84831E+18,6.7818248,3.0988036,1.965926,11.91149,589368.8874,8419.555534,27447751041
9.89783E+18,22.856374,-0.27832604,1.965891,5.106611,589358.3947,8419.405638,27447262380
1.05903E+19,3.974721,0.32458752,1.965876,0.002314154,589353.8978,8419.341397,27447052954
8.5402E+18,339.74415,22.283201,1.965772,0.000584327,589322.7194,8418.895992,27445600933
1.22916E+19,240.10028,31.307258,1.965703,0.001471805,589302.0338,8418.600483,27444637573
1.03268E+19,344.67805,0.27059258,1.965329,0.000941245,589189.9116,8416.998737,27439415882
1.0631E+19,9.6288719,3.0981712,1.965311,0.001089607,589184.5153,8416.921647,27439164570
8.68758E+18,9.4190999,33.72822,1.965278,0.000419014,589174.6222,8416.780317,27438703833
1.0757E+19,138.81998,19.112544,1.965266,0.000548545,589171.0247,8416.728924,27438536292
8.60085E+18,326.74835,24.000251,1.965153,0.07474583,589137.1482,8416.244974,27436958615
4.94051E+18,37.371428,-7.5851652,1.965151,9.63E-05,589136.5486,8416.236408,27436930692
8.64586E+18,17.431451,25.211033,1.965056,0.000911084,589108.0684,8415.829548,27435604326
1.27272E+19,341.09169,5.7298994,1.964995,0.000837644,589089.781,8415.568301,27434752660
9.94858E+18,190.11289,39.37221,1.96495,0.001047945,589076.2904,8415.375577,27434124381
9.08064E+18,245.1536,54.719996,1.964911,0.000997321,589064.5985,8415.20855,27433579874
8.15397E+18,24.095578,22.395952,1.964885,0.000687769,589056.8039,8415.097199,27433216868
1.04025E+19,335.64002,0.9932776,1.964855,0.000496065,589047.8102,8414.968717,27432798016
9.98803E+18,197.57009,37.117433,1.964741,0.000724621,589013.6339,8414.480484,27431206377
1.0382E+19,317.73879,-0.008730912,1.96455,0.000936066,588956.3736,8413.66248,27428539685
8.65947E+18,29.076069,28.49,1.96453,0.000359887,588950.3778,8413.576825,27428260450
8.84981E+18,23.17385,2.781067,1.964507,35.01711,588943.4825,8413.478322,27427939330
9.2099E+18,157.13707,53.682648,1.964489,0.04258153,588938.0863,8413.401233,27427688019
1.27307E+19,342.03469,4.0225278,1.964489,5.82E-05,588938.0863,8413.401233,27427688019
1.06016E+19,39.682001,4.5520634,1.964429,0.000372267,588920.0988,8413.144268,27426850314
8.61449E+18,338.74331,29.574014,1.964385,0.000591038,588906.9079,8412.955827,27426235997
4.7548E+18,10.696056,-0.47543296,1.964342,0.00132241,588894.0169,8412.771669,27425635643
1.03617E+19,349.94405,0.17198001,1.964252,0.00072838,588867.0356,8412.386223,27424379086
1.27745E+19,142.84207,27.674591,1.964,0.000532951,588791.488,8411.306971,27420860727
4.72671E+18,329.44115,1.0632877,1.963937,0.000719447,588772.6011,8411.037159,27419981137
7.19796E+18,125.62416,45.241299,1.963878,0.000334092,588754.9134,8410.784477,27419157394
1.0632E+19,5.7125511,3.7631769,1.963848,0.000116816,588745.9196,8410.655995,27418738542
1.05013E+19,32.008179,-4.8609166,1.963827,8.95E-05,588739.624,8410.566057,27418445346
1.05891E+19,6.1040625,-0.98266153,1.963827,0.000200195,588739.624,8410.566057,27418445346
9.47462E+18,226.52127,56.026562,1.963801,0.2785779,588731.8294,8410.454706,27418082340
1.05768E+19,25.766921,1.6103698,1.963795,0.2632858,588730.0306,8410.429009,27417998570
8.69323E+18,13.465471,31.202509,1.963653,0.000399292,588687.4602,8409.82086,27416016002
1.41245E+19,141.00231,-1.1626097,1.963634,0.000226043,588681.7641,8409.739488,27415750729
1.1759E+19,137.79127,29.556884,1.963546,0.000909364,588655.3824,8409.362606,27414522096
1.05328E+19,122.27803,33.908858,1.963344,0.000634082,588594.8244,8408.497492,27411701824
1.05837E+19,23.838365,1.7096224,1.963321,0.000976118,588587.9292,8408.398989,27411380704
1.1759E+19,138.68777,29.18407,1.96315,3.794684,588536.6648,8407.66664,27408993246
8.58168E+18,17.195468,17.603975,1.963108,0.305306,588524.0735,8407.486765,27408406853
1.05846E+19,22.720191,1.6251091,1.962938,0.000689551,588473.1089,8406.758699,27406033357
8.66061E+18,30.47191,25.052323,1.962893,0.000229321,588459.6183,8406.565975,27405405079
1.08111E+19,139.96978,27.538637,1.962834,0.000878153,588441.9305,8406.313293,27404581336
8.61565E+18,342.05934,29.204553,1.962722,0.000799485,588408.3538,8405.833626,27403017621
8.70778E+18,27.405584,29.9599,1.962483,0.9757988,588336.7035,8404.810051,27399680765
8.54016E+18,339.1134,22.53655,1.962445,81.12716,588325.3114,8404.647306,27399150218
9.57135E+18,215.42872,43.027058,1.962368,0.001412155,588302.2275,8404.317535,27398075164
1.17669E+19,150.48316,31.187654,1.96233,0.000897013,588290.8354,8404.154791,27397544618
1.27791E+19,151.42464,28.306032,1.962303,0.000453816,588282.741,8404.039157,27397167651
9.57372E+18,211.81271,43.792987,1.961667,0.001503397,588092.0733,8401.315332,27388287983
9.35061E+18,119.73037,45.668798,1.961576,0.000773359,588064.7922,8400.925603,27387017465
8.71017E+18,28.808676,29.426361,1.961555,0.000283702,588058.4966,8400.835665,27386724268
9.44982E+18,210.06262,58.770206,1.961516,0.000537794,588046.8047,8400.668638,27386179760
1.23006E+19,231.63253,33.58709,1.961509,0.000266924,588044.7061,8400.638659,27386082028
1.03967E+19,330.78365,-1.5368258,1.961506,0.000486273,588043.8068,8400.625811,27386040143
1.20969E+19,232.00394,36.985507,1.961269,0.000731326,587972.756,8399.610801,27382731210
9.4757E+18,224.36609,55.799946,1.961187,0.001577123,587948.1731,8399.259616,27381586347
1.05149E+19,13.777967,-2.9396982,1.961159,0.001068261,587939.7789,8399.139699,27381195419
9.40823E+18,37.019546,-4.1727596,1.961105,0.001143074,587923.5902,8398.908431,27380441485
4.72894E+18,332.46889,1.1526238,1.96109,9.50E-05,587919.0933,8398.84419,27380232058
8.34994E+18,194.54043,47.79543,1.960873,0.001127921,587854.0384,8397.914835,27377202361
1.24604E+19,20.009133,16.179398,1.960857,0.000755203,587849.2417,8397.846311,27376978973
8.35877E+18,183.61991,46.807482,1.960724,0.000373608,587809.3694,8397.276706,27375122061
1.15857E+19,114.08896,31.494267,1.960597,0.000287961,587771.2958,8396.732797,27373348920
9.23479E+18,203.65416,57.967178,1.96054,0.000775154,587754.2077,8396.488681,27372553101
1.15338E+19,141.35371,34.341394,1.960279,0.000333504,587675.962,8395.370885,27368909086
1.03562E+19,357.63729,0.52068454,1.960195,0.00063356,587650.7794,8395.011135,27367736300
8.15398E+18,24.068047,22.479542,1.960116,0.000885381,587627.0959,8394.672798,27366633322
9.32149E+18,125.26162,44.591592,1.960099,0.000726002,587621.9994,8394.599992,27366395972
1.05656E+19,30.326598,0.5151196,1.960072,0.001136667,587613.905,8394.484357,27366019005
8.52546E+18,329.07799,19.142626,1.959741,4.83E-05,587514.6739,8393.06677,27361397669
9.32148E+18,125.13109,43.957982,1.95971,35.72744,587505.3803,8392.934005,27360964855
1.24853E+19,133.1787,19.361182,1.959646,0.001442215,587486.1936,8392.659909,27360071303
1.07739E+19,154.93258,21.354311,1.959375,-1,587404.95,8391.499286,27356287671
1.03855E+19,323.22819,0.35384226,1.959345,0.000869145,587395.9562,8391.370803,27355868819
1.05149E+19,13.786867,-3.3068749,1.959007,0.000728151,587294.6265,8389.923236,27351149750
1.0605E+19,36.408455,4.3833299,1.959001,1.390123,587292.8278,8389.89754,27351065980
1.17815E+19,157.41348,28.860379,1.958894,0.00077307,587260.75,8389.439286,27349572074
8.86313E+18,14.982341,-0.55156831,1.958668,0.002349967,587192.9971,8388.471387,27346416720
1.03944E+19,329.35917,-1.4417763,1.958624,0.000713508,587179.8062,8388.282946,27345802403
1.0578E+19,20.647829,0.21317541,1.958347,0.000455582,587096.7638,8387.096626,27341935001
8.65823E+18,28.393933,25.315613,1.958325,0.8090712,587090.1684,8387.002406,27341627843
1.24324E+19,10.506176,13.820433,1.958093,0.000830919,587020.6167,8386.008809,27338388719
1.06299E+19,2.616403,4.382463,1.958016,0.000234235,586997.5327,8385.679038,27337313664
8.81248E+18,36.751156,1.8541212,1.958008,0.000926483,586995.1343,8385.644776,27337201971
1.05679E+19,31.646755,1.1581895,1.957979,0.001380309,586986.4404,8385.520577,27336797080
1.27836E+19,160.21233,27.482359,1.957888,0.000434491,586959.1593,8385.130847,27335526561
9.85972E+18,18.189297,5.9307563,1.957808,0.00053127,586935.1759,8384.788228,27334409622
1.08246E+19,153.24661,22.570989,1.957719,0.001206556,586908.4944,8384.407064,27333167027
9.43167E+18,199.71041,43.78108,1.957674,0.09344233,586895.0038,8384.21434,27332538749
8.66838E+18,354.62892,25.23204,1.957507,0.001680405,586844.9385,8383.499122,27330207138
9.44068E+18,191.56418,40.882952,1.957462,0.001236024,586831.4479,8383.306399,27329578860
8.56487E+18,348.97575,20.359948,1.957382,0.000562471,586807.4645,8382.963779,27328461920
9.92947E+18,167.8316,40.20429,1.957235,0.00098933,586763.3951,8382.334216,27326409544
1.05127E+19,17.074243,-4.6141022,1.957218,0.000981062,586758.2987,8382.261409,27326172195
9.93288E+18,159.43529,39.558939,1.95717,0.000295833,586743.9086,8382.055838,27325502031
1.17601E+19,145.26003,30.681675,1.95709,0.001106206,586719.9253,8381.713218,27324385092
1.06173E+19,17.508435,1.1769568,1.957071,0.000152439,586714.2292,8381.631846,27324119819
8.88694E+18,26.367344,-3.4040302,1.956989,0.06917901,586689.6463,8381.280661,27322974956
1.1589E+19,121.01377,29.723383,1.956879,0.000623885,586656.6692,8380.80956,27321439164
8.89928E+18,8.4643411,-3.4211517,1.956724,0.000805334,586610.2014,8380.145734,27319275094
9.9778E+18,141.12675,36.516177,1.956695,0.000624455,586601.5074,8380.021535,27318870204
9.85964E+18,16.926071,6.5577307,1.956655,0.000416792,586589.5158,8379.850225,27318311734
1.04023E+19,333.68125,-0.088605943,1.956651,-1,586588.3166,8379.833094,27318255887
1.06185E+19,14.130673,3.7493706,1.956464,0.000605685,586532.2555,8379.032221,27315645041
1.03774E+19,340.42174,-1.0419177,1.956321,0.000879246,586489.3852,8378.419789,27313648512
8.31947E+18,159.52048,47.682069,1.956305,0.2112035,586484.5886,8378.351265,27313425124
4.7538E+18,10.856805,1.1070861,1.95625,0.001351089,586468.1,8378.115714,27312657229
1.05881E+19,7.3400464,-0.56166014,1.956072,0.001312699,586414.737,8377.353386,27310172039
1.27251E+19,346.58634,6.6541047,1.956002,0.000405339,586393.7516,8377.053594,27309194717
8.56032E+18,352.43797,21.525416,1.95573,0.000906822,586312.2082,8375.888688,27305397123
8.82616E+18,27.789796,2.4138893,1.955715,0.00059259,586307.7113,8375.824447,27305187697
1.25032E+19,133.01546,22.677272,1.955696,0.001022423,586302.0152,8375.743075,27304922424
1.17624E+19,147.54857,28.890547,1.955639,0.9820561,586284.9271,8375.498958,27304126604
9.61428E+18,252.64341,46.558355,1.955576,0.001460586,586266.0402,8375.229146,27303247015
1.07828E+19,153.4343,14.301698,1.955555,0.000821466,586259.7446,8375.139208,27302953818
8.54356E+18,9.5992161,18.687399,1.955544,0.000917689,586256.4468,8375.092098,27302800239
7.19235E+18,116.16037,44.83191,1.955249,0.000681449,586168.0082,8373.828689,27298681525
9.94534E+18,146.82114,39.820443,1.955212,0.001051025,586156.9159,8373.670227,27298164941
8.32848E+18,170.47411,49.360666,1.95519,0.00158746,586150.3205,8373.576007,27297857782
1.30977E+19,337.96978,30.681728,1.955183,0.000430794,586148.2219,8373.546028,27297760050
1.15868E+19,115.8473,31.215308,1.95515,0.001040186,586138.3288,8373.404697,27297299313
1.15688E+19,179.12389,34.282939,1.955047,0.000902817,586107.4502,8372.963575,27295861253
8.31837E+18,158.22702,45.961388,1.954963,0.1081952,586082.2677,8372.603824,27294688467
9.8609E+18,23.607975,6.151104,1.954963,0.000755824,586082.2677,8372.603824,27294688467
9.9542E+18,178.97585,38.991513,1.95494,0.07624438,586075.3725,8372.505321,27294367347
8.88914E+18,358.42786,-3.265796,1.954937,0.8419158,586074.4731,8372.492473,27294325462
1.05679E+19,30.676577,1.4413502,1.95431,10.23259,585886.5035,8369.807193,27285571450
1.31484E+19,135.67233,26.382582,1.953915,0.001328943,585768.0857,8368.11551,27280056562
8.86542E+18,16.7769,-0.037666331,1.953854,0.000452529,585749.7984,8367.854262,27279204895
1.15417E+19,195.35324,34.693201,1.953587,0.05296836,585669.7539,8366.71077,27275477110
9.14817E+18,35.828896,-4.1975635,1.953572,0.000774407,585665.257,8366.646529,27275267684
9.89902E+18,23.716569,-1.0023737,1.953336,0.000632091,585594.5061,8365.635802,27271972713
1.1768E+19,154.31548,30.816593,1.953158,0.000751583,585541.1431,8364.873473,27269487523
9.34508E+18,145.77359,40.903033,1.953107,0.000710183,585525.8537,8364.655053,27268775474
1.05442E+19,115.99741,32.448182,1.953023,9.89E-05,585500.6712,8364.295303,27267602688
8.52557E+18,331.10481,18.701344,1.952911,0.001280551,585467.0945,8363.815636,27266038973
1.08201E+19,131.51242,28.462307,1.952905,0.09269349,585465.2958,8363.789939,27265955203
1.05915E+19,2.0221382,2.2209291,1.952598,0.000935008,585373.2596,8362.475137,27261668948
1.03799E+19,319.02368,0.066327853,1.952598,0.000608424,585373.2596,8362.475137,27261668948
8.154E+18,24.510303,22.280869,1.952488,0.000876534,585340.2825,8362.004036,27260133156
9.97455E+18,131.64168,37.592451,1.952486,0.001832257,585339.6829,8361.99547,27260105233
4.75927E+18,18.465129,-0.12576655,1.952228,0.000108166,585262.3366,8360.890523,27256503103
1.30988E+19,339.66084,31.260683,1.952097,0.000661969,585223.0638,8360.329483,27254674115
1.17455E+19,147.76794,27.280045,1.951988,0.000522986,585190.3865,8359.862664,27253152285
1.08144E+19,130.90263,26.011494,1.951929,0.000581073,585172.6988,8359.609982,27252328543
1.03921E+19,327.98313,-1.2641179,1.951924,0.001073729,585171.1998,8359.588569,27252258734
1.27003E+19,357.07956,4.6905231,1.951851,0.001381446,585149.315,8359.275928,27251239527
1.31179E+19,128.66638,34.285256,1.951742,0.00078425,585116.6377,8358.809109,27249717697
9.97887E+18,145.58297,37.167987,1.951535,0.9167076,585054.5807,8357.922582,27246827616
1.05555E+19,34.054105,-0.15758271,1.951278,0.000699306,584977.5342,8356.821917,27243239449
9.85623E+18,15.196747,5.4811643,1.951217,0.001164579,584959.2469,8356.560669,27242387783
1.4102E+19,130.38295,-1.5722682,1.951209,-1,584956.8485,8356.526408,27242276089
9.33168E+18,154.8244,44.571086,1.951003,0.001363814,584895.0914,8355.644163,27239399970
8.54228E+18,341.20961,22.309585,1.95094,0.00047433,584876.2045,8355.37435,27238520380
1.0292E+19,320.87781,0.5034285,1.95088,5.15E-05,584858.217,8355.117385,27237682676
1.20856E+19,239.93236,40.093464,1.950878,0.001105905,584857.6174,8355.10882,27237654752
8.63343E+18,354.64723,24.164779,1.950832,0.000669492,584843.8269,8354.911813,27237012512
1.06365E+19,7.4023206,3.9591438,1.950804,0.000857747,584835.4328,8354.791897,27236621583
1.15193E+19,153.6382,34.5857,1.950751,0.000727344,584819.5438,8354.564911,27235881611
9.2596E+18,177.18379,51.188709,1.950628,0.000752493,584782.6694,8354.038134,27234164317
1.07716E+19,126.21216,19.112576,1.950502,0.001169995,584744.8956,8353.498508,27232405137
8.34199E+18,199.97931,49.134058,1.950459,0.000968091,584732.0045,8353.31435,27231804782
1.07582E+19,139.17133,19.814509,1.950398,0.001877955,584713.7172,8353.053103,27230953116
9.57022E+18,213.49687,45.242289,1.950261,0.000298002,584672.6457,8352.466367,27229040357
8.5571E+18,356.48083,23.740908,1.950255,0.000118838,584670.847,8352.440671,27228956587
8.54128E+18,337.44956,23.636973,1.950233,0.000963873,584664.2515,8352.346451,27228649429
8.71347E+18,30.501305,28.717495,1.950214,0.000739428,584658.5555,8352.265078,27228384156
8.22827E+18,146.74948,47.360396,1.949878,0.000952712,584557.8254,8350.826077,27223693010
1.05723E+19,28.181381,0.11011034,1.949265,0.000684036,584374.0529,8348.200755,27215134463
8.83965E+18,358.04408,-1.1546838,1.949252,0.000823336,584370.1556,8348.14508,27214952960
8.20332E+18,144.65298,53.012632,1.949055,0.001009579,584311.0966,8347.301379,27212202497
9.86197E+18,23.951748,4.5167882,1.94899,0.000627335,584291.6101,8347.023001,27211294984
8.67512E+18,347.33866,25.131411,1.948941,0.000297523,584276.9203,8346.813147,27210610858
1.05937E+19,9.2628756,-1.2340772,1.94886,8.18E-05,584252.6371,8346.466245,27209479957
8.64944E+18,21.470197,26.110222,1.94884,0.000264525,584246.6413,8346.38059,27209200722
8.64693E+18,19.66965,27.625713,1.948834,5.66E-05,584244.8425,8346.354893,27209116952
8.74275E+18,348.31027,32.237412,1.948824,0.7403275,584241.8446,8346.312066,27208977335
1.05341E+19,120.04488,36.828497,1.948816,0.5649866,584239.4463,8346.277804,27208865641
8.80592E+18,41.929759,2.7360972,1.948813,1.807285,584238.5469,8346.264956,27208823755
1.04958E+19,31.660593,-3.3730491,1.948693,0.001991561,584202.5719,8345.751027,27207148346
9.40919E+18,157.91186,43.107578,1.948601,0.000961658,584174.991,8345.357014,27205863866
9.3461E+18,151.3049,41.292482,1.94857,0.001460441,584165.6974,8345.224249,27205431052
1.1581E+19,116.95806,28.379472,1.948344,0.000582752,584097.9444,8344.256349,27202275699
1.03653E+19,344.17965,1.726281,1.948301,0.000315245,584085.0534,8344.072191,27201675344
1.0534E+19,120.63541,35.391772,1.948236,0.001173579,584065.5669,8343.793813,27200767830
1.27869E+19,169.64653,27.582299,1.948178,0.001635319,584048.179,8343.545414,27199958049
1.0363E+19,348.05712,1.8404549,1.948168,2.251769,584045.1811,8343.502587,27199818432
8.20108E+18,151.0328,45.889956,1.948162,0.000738707,584043.3823,8343.47689,27199734662
9.89556E+18,18.586815,-0.26914491,1.948152,33.11364,584040.3844,8343.434063,27199595044
9.23132E+18,208.296,58.284573,1.948143,0.1561953,584037.6863,8343.395518,27199469388
1.06265E+19,21.566089,4.3424528,1.948141,6.44E-05,584037.0867,8343.386952,27199441465
1.15654E+19,159.16015,35.310666,1.948125,5.96E-05,584032.29,8343.318429,27199218077
1.15857E+19,114.25841,31.678198,1.948122,2.55922,584031.3906,8343.30558,27199176192
1.41112E+19,135.58531,-0.46417133,1.948099,0.000329189,584024.4954,8343.207077,27198855072
9.84163E+18,357.59653,4.1345437,1.948089,0.000709843,584021.4975,8343.16425,27198715454
1.27386E+19,7.5550729,9.6229675,1.948028,0.00070856,584003.2102,8342.903003,27197863788
1.03822E+19,318.91582,1.1856568,1.947972,0.001356494,583986.4218,8342.663169,27197081931
1.03921E+19,328.29257,-1.5402186,1.947951,0.000630354,583980.1262,8342.573231,27196788734
8.19794E+18,123.25346,56.289142,1.947931,0.001028378,583974.1304,8342.487576,27196509499
1.05476E+19,116.59746,38.950268,1.947931,0.000589137,583974.1304,8342.487576,27196509499
1.2716E+19,351.28147,7.1170771,1.947888,0.001084225,583961.2393,8342.303419,27195909144
9.59058E+18,225.95922,47.328176,1.947802,0.000690919,583935.4572,8341.935103,27194708435
1.07965E+19,143.66703,23.783129,1.947691,0.000802382,583902.1803,8341.459718,27193158681
8.66166E+18,6.4023756,27.662993,1.947562,0.000332539,583863.5071,8340.907244,27191357617
1.05521E+19,43.888187,0.40905069,1.947453,0.06258328,583830.8298,8340.440425,27189835787
1.25112E+19,118.96806,22.089645,1.947116,0.00144795,583729.7999,8338.997141,27185130680
7.17658E+18,114.81899,43.127971,1.947108,0.0010317,583727.4015,8338.962879,27185018986
9.89791E+18,21.461938,-0.006326691,1.947062,0.000941264,583713.6111,8338.765873,27184376746
9.60632E+18,254.18549,43.887611,1.947042,0.001081547,583707.6153,8338.680218,27184097511
1.05891E+19,6.3123917,-0.35222353,1.946861,0.001500587,583653.3529,8337.905042,27181570436
1.24345E+19,28.214718,15.723151,1.946851,0.001222001,583650.355,8337.862214,27181430818
1.02976E+19,331.32478,-0.79011363,1.946828,0.002101389,583643.4598,8337.763711,27181109698
9.89788E+18,21.675148,-1.0578084,1.946809,4.70701,583637.7637,8337.682339,27180844425
9.35301E+18,117.49081,52.517948,1.946697,0.00105508,583604.187,8337.202672,27179280710
8.30822E+18,121.29861,47.163764,1.946673,0.00076487,583596.992,8337.099886,27178945628
1.15416E+19,196.75863,35.110724,1.9466,0.001111937,583575.1072,8336.787246,27177926421
9.58714E+18,230.59911,43.575035,1.946554,0.000813175,583561.3168,8336.59024,27177284181
1.03911E+19,324.91109,1.9509579,1.946537,0.000794317,583556.2203,8336.517433,27177046831
9.58718E+18,229.37001,44.595811,1.946456,-1,583531.9372,8336.170531,27175915930
8.85655E+18,7.0016692,0.88621292,1.946305,0.001087366,583486.6686,8335.523837,27173807707
9.20539E+18,174.13063,56.602546,1.946276,0.001144889,583477.9746,8335.399637,27173402817
1.0802E+19,129.61674,21.494384,1.94626,0.001517167,583473.1779,8335.331113,27173179429
9.60194E+18,242.70809,42.665868,1.946137,0.5422475,583436.3035,8334.804336,27171462135
1.06321E+19,6.9223603,4.9497462,1.946107,0.3078289,583427.3097,8334.675853,27171043282
8.22039E+18,124.9266,53.806238,1.946106,6.96E-05,583427.01,8334.671571,27171029321
9.43411E+18,203.58448,44.030672,1.946103,4.653888,583426.1106,8334.658723,27170987435
1.04867E+19,40.131811,-3.4415707,1.946042,2.640674,583407.8233,8334.397475,27170135769
1.07807E+19,153.08565,16.971107,1.945984,0.000565739,583390.4353,8334.149076,27169325988
1.17434E+19,146.80133,30.870763,1.945957,0.001570768,583382.3409,8334.033442,27168949021
1.04857E+19,38.623372,-1.9233463,1.945654,0.00066422,583291.504,8332.735771,27164718613
9.26744E+18,189.9262,56.621884,1.945571,0.000569642,583266.6212,8332.380303,27163559789
9.32141E+18,126.16326,43.330212,1.945491,0.000634857,583242.6379,8332.037684,27162442849
1.05329E+19,121.07391,33.610267,1.945465,2.782553,583234.8433,8331.926333,27162079844
1.27869E+19,168.97282,27.616761,1.945463,0.3371649,583234.2437,8331.917767,27162051921
1.07671E+19,136.54113,20.257525,1.945446,4.022979,583229.1472,8331.84496,27161814571
8.88692E+18,26.130145,-3.6457435,1.94544,0.3997178,583227.3485,8331.819264,27161730801
9.93285E+18,159.09,39.617129,1.945391,0.00017946,583212.6587,8331.60941,27161046675
1.27171E+19,348.92667,4.3131268,1.945388,0.001064946,583211.7593,8331.596561,27161004790
9.15378E+18,37.846445,-3.9081615,1.945307,0.001015498,583187.4761,8331.249659,27159873889
9.58377E+18,235.00134,41.708629,1.944981,0.000844693,583089.744,8329.853485,27155322361
9.48244E+18,229.29125,56.249098,1.944733,0.3725951,583015.3955,8328.791365,27151859849
1.05499E+19,44.20251,1.3691941,1.944725,4.36E-05,583012.9972,8328.757103,27151748155
8.69212E+18,13.88545,34.0678,1.944599,3.44E-05,582975.2234,8328.217477,27149988976
1.06151E+19,12.762008,2.703211,1.944352,0.001398677,582901.1748,8327.15964,27146540426
8.60188E+18,330.90657,24.946785,1.944251,0.00116604,582870.8958,8326.727083,27145130290
8.56478E+18,350.06661,18.232244,1.944233,0.000947966,582865.4995,8326.649993,27144878978
9.55896E+18,224.8467,43.009047,1.944111,0.3006946,582828.9249,8326.127499,27143175646
1.03968E+19,331.194,0.27322608,1.944082,0.000883667,582820.2309,8326.003299,27142770755
1.27724E+19,137.50426,29.336324,1.944075,4.03E-05,582818.1324,8325.97332,27142673023
8.23621E+18,141.9645,46.990165,1.943964,0.000969763,582784.8555,8325.497936,27141123270
1.05283E+19,13.076295,-3.0573114,1.94393,0.000795039,582774.6626,8325.352322,27140648571
4.94065E+18,37.287735,-5.3212869,1.943752,0.000756743,582721.2996,8324.589994,27138163381
8.58616E+18,29.366843,17.549964,1.943644,0.00077265,582688.922,8324.127458,27136655513
1.24513E+19,23.627849,15.493264,1.943607,0.001001489,582677.8297,8323.968996,27136138928
1.17738E+19,158.20033,26.790746,1.943577,0.001499202,582668.836,8323.840514,27135720076
1.25212E+19,121.72442,25.406584,1.943524,0.000431811,582652.947,8323.613529,27134980104
8.34197E+18,199.46179,47.950151,1.943429,6.74E-05,582624.4668,8323.206668,27133653738
1.15361E+19,184.18301,33.159301,1.943378,4.65E-05,582609.1774,8322.988248,27132941689
8.30142E+18,129.9667,56.940544,1.943354,8.50E-05,582601.9824,8322.885462,27132606607
8.23618E+18,141.41964,46.518477,1.943345,0.001282405,582599.2842,8322.846918,27132480952
1.05892E+19,5.6579712,-0.3203055,1.94322,0.001690515,582561.8102,8322.311575,27130735734
9.21559E+18,160.60641,58.277202,1.943005,0.0006179,582497.355,8321.390785,27127733960
8.74383E+18,351.90848,31.098483,1.943001,3.16E-05,582496.1558,8321.373654,27127678113
1.03945E+19,329.84756,0.15357605,1.942901,0.000291458,582466.1766,8320.94538,27126281938
1.05611E+19,42.06889,2.415586,1.942814,0.000902404,582440.0947,8320.572781,27125067267
8.85536E+18,4.3474844,-1.9500892,1.942718,0.00065951,582411.3147,8320.161638,27123726940
8.70437E+18,24.501676,30.270772,1.942707,0.001148476,582408.0169,8320.114528,27123573361
1.17511E+19,134.61626,29.325954,1.942661,0.001768447,582394.2265,8319.917522,27122931120
9.85174E+18,9.8924087,5.804295,1.942582,0.00084831,582370.5429,8319.579185,27121828143
8.64375E+18,16.051062,28.591665,1.942477,0.000634677,582339.0648,8319.129497,27120362160
1.05128E+19,19.128593,-2.9280604,1.942403,0.000944215,582316.8802,8318.812574,27119328991
8.19448E+18,135.93565,57.252461,1.942061,5.45E-05,582214.3513,8317.347876,27114554075
9.41712E+18,158.72945,40.877833,1.941986,0.000371671,582191.8669,8317.02667,27113506945
1.1526E+19,128.63908,35.482428,1.941872,0.000746116,582157.6906,8316.538437,27111915306
1.04934E+19,40.255728,-4.241362,1.941431,3.368568,582025.4824,8314.649748,27105758178
1.04981E+19,25.381628,-1.2543768,1.941406,0.000102541,582017.9876,8314.542679,27105409135
1.06139E+19,27.656567,2.2313753,1.941364,8.97E-05,582005.3963,8314.362804,27104822741
1.07659E+19,139.87695,20.38707,1.941358,6.33E-05,582003.5975,8314.337108,27104738971
1.24786E+19,115.09177,18.660592,1.941209,0.001179233,581958.9285,8313.698979,27102658671
1.07749E+19,149.8916,17.764558,1.941192,0.000613266,581953.8321,8313.626172,27102421322
9.06815E+18,250.75624,49.328062,1.940705,0.000734491,581807.8334,8311.540477,27095621954
9.57035E+18,213.75124,46.643323,1.940548,0.000664512,581760.766,8310.868086,27093429960
8.59754E+18,30.572177,23.930067,1.940534,0.000610089,581756.5689,8310.808128,27093234496
1.17603E+19,146.57164,32.117057,1.940506,0.001147422,581748.1748,8310.688211,27092843567
1.28185E+19,161.6959,30.298925,1.940483,0.000364987,581741.2795,8310.589708,27092522447
9.94308E+18,140.30197,39.985422,1.940467,0.001201852,581736.4829,8310.521184,27092299059
1.15506E+19,208.49646,33.692114,1.94017,0.000622607,581647.4446,8309.249209,27088152422
1.06038E+19,38.834949,3.6036055,1.940115,0.00073903,581630.9561,8309.013658,27087384526
8.20803E+18,141.22861,52.915341,1.940075,0.000462978,581618.9644,8308.842349,27086826056
8.74734E+18,346.04199,29.72182,1.940022,0.1157459,581603.0754,8308.615363,27086086084
1.24447E+19,25.796181,11.930385,1.939984,0.000573274,581591.6833,8308.452619,27085555538
8.68076E+18,337.31904,31.378484,1.939896,0.000822232,581565.3016,8308.075738,27084326905
1.25145E+19,130.32995,25.388477,1.93968,-5,581500.5466,8307.150665,27081311168
1.05104E+19,23.06851,-4.6487612,1.939657,0.000667223,581493.6513,8307.052162,27080990048
1.0623E+19,17.21515,3.7920411,1.939384,0.000572033,581411.8081,8305.882973,27077178493
1.2455E+19,27.169186,9.6984889,1.939346,0.00098033,581400.416,8305.720229,27076647947
1.03955E+19,328.8192,0.59555551,1.939342,0.01845067,581399.2169,8305.703098,27076592100
8.22603E+18,140.86569,49.295294,1.939084,0.001039057,581321.8705,8304.59815,27072989970
8.74838E+18,347.39556,30.164099,1.938697,0.6322964,581205.851,8302.940729,27067586776
1.07492E+19,139.24341,15.753729,1.938664,0.00056178,581195.9579,8302.799398,27067126039
8.81488E+18,38.954745,-1.0057,1.938509,0.000586464,581149.4901,8302.135573,27064961969
1.20698E+19,252.59915,37.452009,1.938435,0.000732722,581127.3055,8301.81865,27063928800
1.27306E+19,342.88694,2.868694,1.938428,0.000520301,581125.207,8301.788671,27063831068
1.06297E+19,1.6323326,3.548369,1.938388,0.000598997,581113.2153,8301.617361,27063272598
1.03821E+19,317.96902,1.1481257,1.937953,0.000392348,580982.8058,8299.754368,27057199240
1.24525E+19,24.243793,14.006352,1.93792,136.1019,580972.9126,8299.613038,27056738503
1.05037E+19,22.324312,-1.9887369,1.937864,0.000813573,580956.1243,8299.373204,27055956645
8.19658E+18,124.49066,56.507286,1.937714,0.000919576,580911.1555,8298.730793,27053862384
9.56453E+18,218.11602,44.861196,1.937299,4.96E-05,580786.7418,8296.953454,27048068261
8.826E+18,27.511285,1.0043066,1.937271,0.000355834,580778.3476,8296.833538,27047677333
1.08234E+19,155.24359,22.631353,1.936957,0.001056018,580684.2129,8295.488756,27043293346
8.83968E+18,358.41129,-0.62560657,1.936898,0.001303175,580666.5252,8295.236075,27042469603
1.08177E+19,138.36548,28.037554,1.936789,0.001057771,580633.8479,8294.769256,27040947773
1.27013E+19,357.4247,3.289683,1.936362,0.000822834,580505.8367,8292.940524,27034986109
8.33396E+18,176.02357,46.525957,1.936314,0.001033274,580491.4467,8292.734953,27034315946
9.99372E+18,203.87739,37.8902,1.936189,0.000641745,580453.9727,8292.19961,27032570728
8.21708E+18,146.31154,49.397986,1.936178,0.001481185,580450.675,8292.1525,27032417149
9.89901E+18,23.879284,-1.0969546,1.936106,0.000880353,580429.09,8291.844142,27031411903
4.75488E+18,11.780135,0.25155809,1.93602,0.000751455,580403.3078,8291.475826,27030211194
1.07524E+19,136.95915,15.384751,1.936017,0.000910435,580402.4085,8291.462978,27030169308
9.96558E+18,162.04023,37.645697,1.935978,0.9977431,580390.7166,8291.295951,27029624801
1.24525E+19,24.774898,13.318024,1.935962,0.3896329,580385.9199,8291.227427,27029401413
1.07649E+19,140.17425,21.81028,1.935946,0.04830814,580381.1232,8291.158903,27029178025
1.07806E+19,152.40779,16.708241,1.935899,0.000419082,580367.033,8290.957614,27028521823
9.40813E+18,36.530988,-5.8787149,1.935825,0.001104419,580344.8484,8290.640691,27027488654
4.7582E+18,15.792339,0.30430704,1.9355,0.000949109,580247.416,8289.2488,27022951088
9.35069E+18,117.70105,45.606096,1.935273,0.806797,580179.3632,8288.276617,27019781773
8.72689E+18,359.17813,32.228079,1.935128,0.000964746,580135.8934,8287.65562,27017757320
1.28174E+19,159.48801,31.811941,1.934993,0.000929997,580095.4215,8287.077449,27015872485
1.06184E+19,15.233188,2.7301211,1.934963,0.000468972,580086.4277,8286.948967,27015453633
1.04891E+19,31.93071,-1.769628,1.934822,0.000903236,580044.157,8286.3451,27013485027
8.54472E+18,8.6451562,21.12845,1.934787,0.000790064,580033.6643,8286.195204,27012996366
8.53232E+18,335.2518,20.00939,1.934625,0.001101515,579985.098,8285.5014,27010734564
1.21159E+19,255.28197,38.457165,1.934576,1.876409,579970.4082,8285.291546,27010050439
1.03573E+19,357.06864,0.45713907,1.934037,0.00139414,579808.8203,8282.983147,27002525060
1.07864E+19,146.50131,21.594678,1.934008,0.00095474,579800.1263,8282.858948,27002120169
8.83399E+18,22.528009,-1.9952377,1.933985,0.000102784,579793.2311,8282.760445,27001799049
1.41111E+19,133.64736,0.087950509,1.933839,0.000826697,579749.4615,8282.135164,26999760635
8.35219E+18,189.11638,50.469184,1.933462,0.001075816,579636.4399,8280.52057,26994497058
9.07833E+18,241.70463,51.026777,1.933441,0.000851564,579630.1443,8280.430632,26994203862
8.59301E+18,28.869391,21.30844,1.933343,0.000536635,579600.7647,8280.010924,26992835611
8.34972E+18,193.66403,47.352112,1.93324,0.2911914,579569.8861,8279.569801,26991397552
1.03629E+19,346.7331,1.039269,1.933175,0.000545649,579550.3996,8279.291423,26990490039
9.22584E+18,147.51797,59.339825,1.933171,0.000135507,579549.2004,8279.274292,26990434192
1.20834E+19,242.40739,40.721239,1.933101,0.000875943,579528.215,8278.9745,26989456870
1.2474E+19,27.23674,9.6953496,1.932926,0.000455272,579475.7514,8278.22502,26987013565
9.48694E+18,232.20379,58.023181,1.93283,0.00041534,579446.9714,8277.813877,26985673238
1.24525E+19,24.215624,13.464289,1.932661,0.001079596,579396.3065,8277.090093,26983313703
9.18742E+18,170.18291,50.050057,1.932623,0.001112732,579384.9144,8276.927349,26982783157
1.17882E+19,162.62728,26.825615,1.932613,7.02E-05,579381.9165,8276.884521,26982643540
8.58959E+18,20.520254,18.506526,1.932566,0.01673922,579367.8263,8276.683232,26981987338
1.0578E+19,21.266292,0.59486576,1.932534,0.000716471,579358.2329,8276.546185,26981540562
7.18232E+18,123.69802,45.314111,1.932526,0.000772939,579355.8346,8276.511923,26981428868
9.56009E+18,219.78361,46.234884,1.932522,0.001084233,579354.6354,8276.494792,26981373021
8.87347E+18,38.295813,-2.7283036,1.932299,0.000968042,579287.7818,8275.53974,26978259553
1.2296E+19,240.50254,32.367153,1.931952,0.001017479,579183.754,8274.053628,26973414828
1.0605E+19,36.244428,3.0807964,1.93193,0.001733206,579177.1586,8273.959408,26973107670
9.5725E+18,216.83581,40.671921,1.93193,0.000134433,579177.1586,8273.959408,26973107670
1.05791E+19,19.233402,1.5925194,1.931756,0.000712421,579124.9948,8273.214211,26970678327
9.89566E+18,17.007602,-0.21658176,1.931678,0.00027832,579101.611,8272.880157,26969589311
1.05351E+19,119.14763,38.474597,1.931597,0.000549554,579077.3278,8272.533255,26968458410
1.17872E+19,160.76262,26.664361,1.931496,0.000747086,579047.0488,8272.100698,26967048274
1.03573E+19,356.77668,1.2422007,1.931456,0.000422744,579035.0572,8271.929388,26966489805
9.49587E+18,218.94377,47.912083,1.93141,0.000565006,579021.2667,8271.732382,26965847564
9.46661E+18,224.3603,54.540206,1.931341,0.000812473,579000.5811,8271.436872,26964884204
9.22916E+18,133.86043,59.820296,1.931159,0.001369428,578946.0189,8270.657413,26962343167
4.93943E+18,35.469363,-5.3502387,1.930584,0.3815923,578773.6385,8268.194836,26954315166
9.62094E+18,256.92089,40.879835,1.930552,0.4887382,578764.0452,8268.057788,26953868390
8.66058E+18,30.007279,26.087071,1.930527,0.001267456,578756.5504,8267.95072,26953519346
1.02987E+19,334.27116,-1.10539,1.930478,0.000465295,578741.8606,8267.740865,26952835221
1.03811E+19,320.57743,-0.70800252,1.930003,0.000958331,578599.4594,8265.706563,26946203394
1.31462E+19,141.66967,27.346535,1.929888,0.000121421,578564.9833,8265.214047,26944597793
1.20034E+19,133.76288,27.839397,1.929834,0.00054607,578548.7945,8264.982779,26943843859
1.06106E+19,32.551701,1.7208484,1.929445,0.000614084,578432.1754,8263.316792,26938412742
8.67189E+18,350.36314,29.432365,1.929436,0.001076408,578429.4773,8263.278247,26938287086
1.27463E+19,324.69753,2.6517338,1.929369,0.000907451,578409.3912,8262.991304,26937351650
9.43862E+18,183.82171,42.085838,1.929296,0.000681106,578387.5064,8262.678663,26936332442
1.27835E+19,161.56389,27.545762,1.92924,3.861682,578370.7181,8262.43883,26935550585
5.64997E+18,214.75708,53.961689,1.929158,0.000554092,578346.1351,8262.087645,26934405722
5.64986E+18,214.22533,52.65168,1.929087,0.000746422,578324.8499,8261.78357,26933414438
1.15193E+19,153.28817,34.458645,1.929,0.000864432,578298.768,8261.410971,26932199767
1.03708E+19,350.71097,-0.7140869,1.928604,0.001053309,578180.0504,8259.715005,26926670917
8.54112E+18,338.06542,23.168984,1.928309,0.000783622,578091.6117,8258.451596,26922552203
1.2082E+19,247.56143,36.675323,1.928254,0.000933704,578075.1232,8258.216045,26921784308
1.08449E+19,140.36577,28.172545,1.928114,0.000749603,578033.1523,8257.616461,26919829664
1.24616E+19,20.964944,15.477314,1.92801,0.000989545,578001.9739,8257.171056,26918377643
1.26992E+19,358.73063,7.524773,1.928004,0.000700567,578000.1752,8257.14536,26918293872
1.0811E+19,138.46597,26.973328,1.928002,0.000725594,577999.5756,8257.136794,26918265949
1.27047E+19,356.1612,4.1368923,1.927971,0.000161842,577990.282,8257.004029,26917833135
9.61882E+18,247.36994,48.751259,1.92788,0.4824296,577963.001,8256.614299,26916562616
1.24525E+19,23.691942,13.550455,1.927857,0.3522719,577956.1057,8256.515796,26916241496
9.47465E+18,227.50362,56.216059,1.927849,0.001450086,577953.7074,8256.481534,26916129802
1.05115E+19,15.848905,-4.5097551,1.927529,0.000387114,577857.774,8255.111057,26911662045
9.98789E+18,199.25289,35.320491,1.927502,0.001007207,577849.6796,8254.995423,26911285078
8.88925E+18,0.62761102,-3.527908,1.927415,0.000171141,577823.5977,8254.622824,26910070406
9.59734E+18,246.67867,41.927066,1.92723,0.000549243,577768.1362,8253.830517,26907487484
8.23047E+18,125.6154,50.823386,1.92717,0.6822897,577750.1486,8253.573552,26906649780
1.03134E+19,317.18027,2.0964562,1.926799,0.00034715,577638.9258,8251.984654,26901469973
1.1589E+19,120.87214,31.204947,1.926779,0.000251754,577632.93,8251.899,26901190739
9.59737E+18,247.06177,42.809586,1.926643,0.000625466,577592.1583,8251.316547,26899291942
1.0838E+19,154.09376,25.645716,1.926539,0.000741402,577560.9799,8250.871141,26897839920
1.28309E+19,188.29333,29.607153,1.926512,4.67E-05,577552.8855,8250.755507,26897462953
8.81243E+18,37.954944,2.1168711,1.926511,0.2335452,577552.5857,8250.751224,26897448992
8.84528E+18,10.247086,2.6736833,1.926252,0.000895756,577474.9396,8249.641994,26893832901
1.05815E+19,25.338409,2.4331277,1.926039,0.000629571,577411.0839,8248.72977,26890859050
9.60509E+18,247.72454,43.20083,1.926039,0.000996445,577411.0839,8248.72977,26890859050
1.02987E+19,334.65573,-1.9213419,1.925846,0.000357224,577353.224,8247.9032,26888164433
1.15204E+19,150.85908,34.849811,1.925612,0.000684199,577283.0727,8246.901039,26884897386
1.15362E+19,185.07008,34.727948,1.925405,0.000317085,577221.0158,8246.014511,26882007305
1.2519E+19,120.4345,22.380735,1.925367,0.000683748,577209.6237,8245.851767,26881476759
1.02932E+19,325.30082,-0.021955422,1.92518,0.4535705,577153.5626,8245.050894,26878865914
9.5589E+18,226.47027,43.631691,1.924756,0.000268606,577026.4508,8243.235011,26872946135
8.61549E+18,340.30349,27.18707,1.924598,0.00091581,576979.0836,8242.558337,26870740180
1.28162E+19,158.50725,29.46654,1.924525,0.000951779,576957.1988,8242.245697,26869720973
1.15531E+19,177.36096,34.287542,1.924511,8.24E-05,576953.0017,8242.185739,26869525508
9.25063E+18,190.07718,55.962476,1.924483,0.000750249,576944.6075,8242.065822,26869134580
8.8057E+18,41.453135,1.6413246,1.924471,6.48E-05,576941.01,8242.014429,26868967039
8.69096E+18,11.356167,32.35394,1.924459,3.069852,576937.4125,8241.963036,26868799498
9.89573E+18,17.604003,1.0828439,1.924402,0.001249687,576920.3244,8241.71892,26868003678
1.20022E+19,132.92531,27.620246,1.924236,0.001347815,576870.5589,8241.007984,26865686029
1.06129E+19,28.529869,4.7175721,1.923803,0.9846547,576740.749,8239.153557,26859640595
9.32373E+18,131.27037,44.473737,1.92375,0.000282637,576724.86,8238.926571,26858900623
8.83966E+18,358.23009,-1.1314339,1.923741,0.00058438,576722.1619,8238.888027,26858774967
1.28184E+19,163.25758,30.248697,1.923718,0.001284081,576715.2667,8238.789524,26858453847
1.0604E+19,39.372716,4.4556921,1.923263,0.000747036,576578.8613,8236.840876,26852101255
1.06119E+19,32.08064,4.2360757,1.923216,0.001118638,576564.7711,8236.639587,26851445053
9.26967E+18,180.46599,56.763482,1.923171,7.148424,576551.2804,8236.446863,26850816774
9.98794E+18,198.01851,34.828952,1.923108,0.000774363,576532.3935,8236.177051,26849937185
9.44535E+18,200.75116,41.758674,1.922762,0.000405617,576428.6655,8234.695221,26845106422
8.56138E+18,352.47949,18.833995,1.922681,0.0007498,576404.3824,8234.348319,26843975521
1.21102E+19,216.25419,36.686638,1.922479,0.000639515,576343.8244,8233.483205,26841155249
8.67185E+18,349.70943,28.306275,1.922475,6.58E-05,576342.6252,8233.466074,26841099402
1.05263E+19,11.930018,-2.5736178,1.922366,0.000905991,576309.9479,8232.999255,26839577572
8.5446E+18,6.0920115,20.479245,1.922331,0.001137785,576299.4552,8232.849359,26839088911
9.93285E+18,158.91733,39.684088,1.922045,0.000269807,576213.7146,8231.624495,26835095853
8.64707E+18,17.706481,28.29034,1.921943,0.000709264,576183.1359,8231.187655,26833671756
1.05803E+19,19.04254,1.9022543,1.921847,9.71E-05,576154.3558,8230.776512,26832331428
1.06117E+19,31.201648,2.4784868,1.921821,0.001246253,576146.5612,8230.66516,26831968423
1.07818E+19,154.15126,15.494746,1.921806,0.08272534,576142.0644,8230.600919,26831758997
4.94048E+18,38.05284,-7.3288781,1.921804,0.000516501,576141.4648,8230.592354,26831731073
8.32608E+18,168.55167,48.6685,1.921255,0.000575426,575976.879,8228.241128,26824066077
9.14924E+18,35.706554,-4.8865929,1.921184,0.000815784,575955.5937,8227.937053,26823074794
8.70908E+18,29.892336,33.447649,1.921153,0.001367744,575946.3002,8227.804288,26822641980
9.89563E+18,17.35704,-0.11238969,1.921107,2.881398,575932.5097,8227.607282,26821999740
7.19361E+18,119.12346,45.842576,1.921099,0.1093037,575930.1114,8227.57302,26821888046
8.19551E+18,134.60386,55.588515,1.921052,11.69541,575916.0212,8227.371731,26821231844
1.1776E+19,156.71283,31.014298,1.921039,0.000702204,575912.1239,8227.316056,26821050341
9.95433E+18,181.03204,40.247724,1.92079,0.001032405,575837.4757,8226.249653,26817573867
1.07727E+19,153.57871,20.053828,1.920789,0.001330952,575837.1759,8226.24537,26817559906
1.0534E+19,120.40126,35.567179,1.920709,0.000503933,575813.1925,8225.90275,26816442966
1.08302E+19,155.42826,24.533519,1.920474,6.35E-05,575742.7414,8224.896306,26813161957
1.15878E+19,120.41368,29.99058,1.920445,9.45E-05,575734.0474,8224.772106,26812757066
1.20731E+19,261.17092,35.476571,1.920308,0.000338242,575692.9759,8224.185371,26810844308
9.46332E+18,212.10501,51.421259,1.920294,0.000958276,575688.7788,8224.125412,26810648843
1.07492E+19,139.36027,15.342378,1.920069,0.001062471,575621.3256,8223.161795,26807507452
1.27182E+19,348.63416,3.3218913,1.92,0.000647267,575600.64,8222.866286,26806544091
8.5863E+18,28.520524,19.578232,1.919952,0.001388996,575586.25,8222.660714,26805873928
9.6175E+18,247.02416,44.460496,1.919934,0.000927634,575580.8537,8222.583625,26805622616
1.24525E+19,24.574054,13.947623,1.91946,0.000390439,575438.7523,8220.553605,26799004751
9.47246E+18,241.81422,55.702847,1.919165,0.001096615,575350.3137,8219.290195,26794886037
1.0506E+19,26.691962,-3.9995802,1.919048,0.00050816,575315.238,8218.789115,26793252513
1.03777E+19,340.11719,0.18472735,1.918915,0.000890473,575275.3657,8218.21951,26791395602
1.0632E+19,6.6045705,2.8395991,1.918823,0.000913667,575247.7848,8217.825497,26790111121
1.081E+19,128.25613,24.521958,1.918428,0.000772434,575129.367,8216.133814,26784596233
1.21126E+19,213.47436,35.271423,1.91829,0.000615424,575087.9957,8215.542795,26782669513
1.24526E+19,23.029551,15.275876,1.917776,0.2202584,574933.9026,8213.341466,26775493178
9.48822E+18,214.60544,56.817263,1.917757,8.46E-05,574928.2065,8213.260093,26775227905
4.86067E+18,330.23786,4.849419,1.917714,0.000451962,574915.3155,8213.075936,26774627550
9.85971E+18,18.070196,6.6095482,1.917601,0.00065025,574881.439,8212.591986,26773049873
1.05814E+19,24.846256,2.6435816,1.917207,0.001213499,574763.3209,8210.904585,26767548947
1.06175E+19,17.557697,2.127108,1.917137,0.000781832,574742.3355,8210.604793,26766571625
1.2277E+19,257.37078,33.42941,1.917068,0.000102487,574721.6499,8210.309284,26765608265
8.55459E+18,358.86007,20.425458,1.916926,0.000404918,574679.0794,8209.701134,26763625697
9.25173E+18,193.0359,54.970951,1.916506,0.000822733,574553.1668,8207.902382,26757761766
1.04866E+19,41.244178,-3.9795522,1.916434,7.98E-05,574531.5817,8207.594025,26756756520
1.05836E+19,22.919538,0.64409422,1.916366,0.001114063,574511.1959,8207.302798,26755807122
1.06028E+19,41.712812,2.5788453,1.916153,0.000609322,574447.3402,8206.390574,26752833271
1.05207E+19,3.459475,-2.8412605,1.91575,9.38E-05,574326.524,8204.664629,26747206689
8.888E+18,22.837038,-3.4561497,1.915743,0.4289843,574324.4255,8204.634649,26747108957
8.55467E+18,357.5272,20.771976,1.915607,0.000769944,574283.6537,8204.052196,26745210160
1.05004E+19,29.273746,-2.9732682,1.915567,0.000623209,574271.6621,8203.880887,26744651690
8.69447E+18,17.43651,32.512286,1.915209,0.001113559,574164.3365,8202.347665,26739653387
1.21048E+19,223.12305,36.399138,1.915056,1.285474,574118.4684,8201.692405,26737517240
5.64869E+18,215.6061,52.189124,1.914964,0.000761242,574090.8875,8201.298393,26736232760
9.59736E+18,246.88573,42.616353,1.91495,0.001082522,574086.6904,8201.238434,26736037296
8.80927E+18,38.793987,2.6615204,1.914777,0.00068002,574034.8264,8200.49752,26733621914
9.95096E+18,197.59289,39.809334,1.914564,0.000551667,573970.9707,8199.585296,26730648063
1.07784E+19,156.08593,18.616307,1.914443,0.00011445,573934.6959,8199.067084,26728958693
1.05318E+19,117.40285,35.11043,1.914426,2.385793,573929.5994,8198.994277,26728721343
1.05981E+19,12.113197,1.2454598,1.914412,0.000877661,573925.4023,8198.934319,26728525879
9.56908E+18,211.8477,46.768777,1.914357,0.000406117,573908.9137,8198.698768,26727757983
1.03887E+19,323.80655,0.40567732,1.914343,0.000758707,573904.7167,8198.638809,26727562519
1.27724E+19,137.03985,28.58614,1.914297,0.001151002,573890.9262,8198.441803,26726920278
9.49922E+18,240.54459,48.609291,1.914158,0.001229478,573849.2551,8197.846502,26724979596
4.94181E+18,38.823928,-7.1549826,1.9138,0.00111092,573741.9296,8196.31328,26719981293
9.86514E+18,22.827737,3.5320337,1.913729,3.62E-05,573720.6444,8196.009205,26718990009
1.05387E+19,122.75599,39.356693,1.913721,8.31E-05,573718.246,8195.974943,26718878315
1.03157E+19,322.54089,1.96459,1.913075,6.34E-05,573524.5804,8193.208291,26709859030
1.24526E+19,23.097794,13.846645,1.912406,14.3932,573324.0196,8190.343136,26700518625
9.35301E+18,117.45207,52.414291,1.912389,0.4524581,573318.9231,8190.27033,26700281275
8.54133E+18,338.60184,23.717439,1.912369,0.6732811,573312.9272,8190.184675,26700002040
1.0784E+19,150.14003,20.813403,1.912143,0.000733903,573245.1743,8189.216775,26696846687
8.36796E+18,209.77527,48.908057,1.9121,0.001252343,573232.2832,8189.032617,26696246332
1.04811E+19,14.302526,-3.2107089,1.911985,0.001929892,573197.8071,8188.540102,26694640732
1.24864E+19,131.94435,19.066269,1.911931,0.00083283,573181.6184,8188.308834,26693886798
8.54899E+18,3.2566741,20.740128,1.911833,0.001100524,573152.2387,8187.889125,26692518547
9.48584E+18,232.88411,56.764587,1.911703,0.9739962,573113.2658,8187.332368,26690703520
9.59405E+18,232.25122,40.493826,1.911696,0.001107318,573111.1672,8187.302389,26690605788
1.15305E+19,135.2803,35.404644,1.911536,0.001015529,573063.2005,8186.61715,26688371910
1.15801E+19,114.56902,28.957255,1.911445,0.000833919,573035.9194,8186.227421,26687101391
7.19231E+18,117.41057,45.865589,1.911354,0.000641745,573008.6384,8185.837691,26685830873
9.20656E+18,168.28281,55.642043,1.911325,0.000996267,572999.9444,8185.713491,26685425982
4.76032E+18,21.489268,-0.89702039,1.911121,0.001127087,572938.7868,8184.839812,26682577787
1.27747E+19,142.84929,29.399073,1.911049,6.77E-05,572917.2018,8184.531454,26681572541
9.85639E+18,16.448373,6.1217841,1.911048,0.000260502,572916.902,8184.527172,26681558580
8.82955E+18,25.614683,2.701183,1.911036,7.39E-05,572913.3045,8184.475779,26681391039
9.45324E+18,224.91535,53.77024,1.911028,0.001143358,572910.9062,8184.441517,26681279345
8.32165E+18,159.69407,45.274735,1.910745,0.000588188,572826.065,8183.229501,26677328172
1.03743E+19,346.80779,-0.86760757,1.910717,-1,572817.6709,8183.109584,26676937243
8.85094E+18,20.724109,2.3860765,1.910522,0.000771497,572759.2114,8182.274449,26674214703
9.46566E+18,234.88637,51.977663,1.910477,0.000499961,572745.7208,8182.081725,26673586425
4.94386E+18,35.886043,-7.4130526,1.910048,0.00092616,572617.11,8180.244429,26667596838
9.89566E+18,16.944567,-0.64931504,1.910047,-1,572616.8102,8180.240146,26667582876
8.66057E+18,29.472726,25.706812,1.909722,0.318246,572519.3778,8178.848255,26663045310
1.05319E+19,118.22535,37.017857,1.909719,0.000101368,572518.4784,8178.835406,26663003425
9.9734E+18,128.44431,38.445872,1.9097,1.481211,572512.7824,8178.754034,26662738152
7.18791E+18,131.13362,44.574039,1.909699,7.21E-05,572512.4826,8178.749752,26662724190
8.87562E+18,34.169859,-2.8744536,1.909685,6.97E-05,572508.2855,8178.689793,26662528726
9.86067E+18,23.118875,5.4793283,1.909485,0.000771556,572448.3271,8177.833245,26659736377
8.70002E+18,19.715998,30.463875,1.909452,5.31E-06,572438.434,8177.691914,26659275640
8.67752E+18,330.0029,30.857807,1.909445,0.000492633,572436.3354,8177.661935,26659177908
9.34388E+18,144.55509,41.529648,1.90934,0.001035882,572404.8573,8177.212247,26657711925
1.19989E+19,126.0466,28.662357,1.909103,0.001023054,572333.8066,8176.197237,26654402992
1.25213E+19,121.09995,26.726247,1.909089,7.81E-05,572329.6095,8176.137278,26654207528
1.31214E+19,258.35122,31.512176,1.909064,0.4206398,572322.1147,8176.03021,26653858484
9.49942E+18,238.79633,49.748136,1.909058,0.000635094,572320.3159,8176.004513,26653774714
1.0767E+19,137.09179,20.045805,1.909047,0.000355067,572317.0182,8175.957403,26653621134
1.27353E+19,4.6851718,8.0408657,1.908921,0.000636835,572279.2444,8175.417778,26651861955
8.81364E+18,37.179753,-1.1154292,1.908853,0.001237967,572258.8586,8175.126551,26650912557
1.24785E+19,113.60125,18.658973,1.908706,0.000475693,572214.7892,8174.496988,26648860181
8.73827E+18,353.44612,31.090523,1.90838,0.6609926,572117.057,8173.100814,26644308653
8.63796E+18,10.265242,23.290578,1.908307,0.000818376,572095.1721,8172.788173,26643289446
9.57035E+18,213.68302,46.565076,1.908175,0.000401992,572055.5996,8172.222851,26641446496
1.20023E+19,132.60654,29.773107,1.907902,0.000782284,571973.7564,8171.053663,26637634940
9.49262E+18,227.43298,48.904925,1.907656,0.000688987,571900.0076,8170.000108,26634200352
1.17533E+19,141.35869,31.185072,1.907346,0.001178614,571807.072,8168.672458,26629872212
1.04968E+19,34.771202,-4.8268562,1.907342,0.001152687,571805.8729,8168.655327,26629816365
9.2247E+18,130.76301,59.791531,1.907305,0.000876234,571794.7806,8168.496865,26629299780
8.82832E+18,28.131332,-1.9133293,1.907132,0.000361991,571742.9165,8167.755951,26626884399
1.03887E+19,323.75772,0.057625377,1.907047,8.36E-05,571717.4342,8167.391917,26625697651
8.8462E+18,13.860389,1.7696331,1.906846,0.00093727,571657.176,8166.531086,26622891341
8.70664E+18,26.261609,28.540878,1.906831,0.000577214,571652.6792,8166.466845,26622681915
1.15686E+19,181.31816,32.156683,1.906682,0.000917636,571608.0101,8165.828716,26620601615
9.3508E+18,117.85815,46.861628,1.906508,0.000797028,571555.8463,8165.083519,26618172272
1.04811E+19,14.443147,-2.4425847,1.906395,0.000673097,571521.9698,8164.599569,26616594595
1.05195E+19,5.9990141,-3.594278,1.906371,6.16E-05,571514.7748,8164.496783,26616259514
9.20108E+18,164.28113,55.175627,1.90637,0.9629684,571514.475,8164.492501,26616245552
1.22826E+19,251.9567,31.211044,1.906363,4.14E-05,571512.3765,8164.462521,26616147820
8.2259E+18,140.89797,48.803177,1.906341,0.001050394,571505.7811,8164.368301,26615840661
1.25202E+19,120.78367,24.862136,1.906045,0.00059107,571417.0426,8163.100609,26611707986
1.20788E+19,250.17466,39.350436,1.906028,0.000298615,571411.9462,8163.027803,26611470636
1.08337E+19,149.43692,24.811796,1.905898,0.000535803,571372.9732,8162.471046,26609655610
1.20033E+19,135.08152,28.068285,1.905706,0.00073742,571315.4132,8161.648759,26606974955
1.03663E+19,341.22971,1.3695708,1.905703,0.03784867,571314.5138,8161.635911,26606933070
9.41597E+18,156.02526,41.428461,1.905475,0.000265635,571246.1612,8160.659446,26603749793
8.22833E+18,148.19527,47.667001,1.905344,0.001111561,571206.8884,8160.098406,26601920805
1.05735E+19,17.906642,-1.8545487,1.90503,0.000899416,571112.7538,8158.753625,26597536818
1.03167E+19,323.69252,0.9180422,1.904819,0.001453863,571049.4976,8157.849966,26594590890
1.0758E+19,138.29042,18.079682,1.90481,0.001058127,571046.7995,8157.811422,26594465235
1.06208E+19,23.424804,4.3791666,1.904787,0.00032535,571039.9043,8157.712919,26594144115
1.0534E+19,120.40193,36.361995,1.904479,0.001181192,570947.5684,8156.393834,26589843898
8.70909E+18,30.339098,33.101611,1.904452,0.000887611,570939.474,8156.2782,26589466931
1.1769E+19,154.69964,27.7659,1.904396,7.36E-05,570922.6856,8156.038366,26588685074
9.35307E+18,118.68622,53.747136,1.904247,0.001019759,570878.0166,8155.400237,26586604774
9.82937E+18,41.009144,4.8364644,1.903951,0.000798078,570789.2782,8154.132546,26582472099
8.62457E+18,7.631657,25.995178,1.903867,0.001126336,570764.0957,8153.772795,26581299312
8.58387E+18,17.060148,19.545163,1.90376,0.001196828,570732.0179,8153.314542,26579805406
1.03821E+19,317.32169,1.1508397,1.903708,0.000798241,570716.4287,8153.091839,26579079395
8.30823E+18,121.53805,47.053663,1.903692,0.1824599,570711.6321,8153.023315,26578856008
1.03663E+19,340.53422,1.0452702,1.903683,0.735154,570708.9339,8152.984771,26578730352
9.47909E+18,233.95323,55.513591,1.903612,0.001016436,570687.6487,8152.680696,26577739068
8.73706E+18,355.62508,31.978495,1.903468,0.00013266,570644.4787,8152.063981,26575728577
8.31725E+18,159.78359,49.570038,1.903431,0.00110403,570633.3864,8151.905519,26575211993
8.24838E+18,130.41687,44.77245,1.903373,0.000536333,570615.9984,8151.65712,26574402212
1.05274E+19,10.3637,-1.1830634,1.903334,0.000580563,570604.3065,8151.490093,26573857704
9.56235E+18,223.28357,41.83603,1.903135,0.00013556,570544.6479,8150.637827,26571079317
1.02896E+19,318.89275,-1.7359339,1.903109,0.00069552,570536.8533,8150.526476,26570716312
1.17806E+19,160.40963,28.074572,1.903012,0.2303052,570507.7735,8150.11105,26569362023
9.86179E+18,24.510291,3.3374008,1.902998,7.09E-05,570503.5764,8150.051092,26569166559
1.03798E+19,317.67577,-1.013508,1.90287,0.000760314,570465.203,8149.502901,26567379456
1.06071E+19,36.442387,2.0165069,1.902645,0.000652349,570397.7498,8148.539283,26564238064
1.1526E+19,129.93067,35.667069,1.902379,11.953,570318.0052,8147.400074,26560524241
1.25078E+19,123.17109,21.905667,1.902368,0.001035364,570314.7075,8147.352964,26560370662
8.22139E+18,128.87307,51.132711,1.902345,0.000556821,570307.8122,8147.254461,26560049541
8.3409E+18,200.20467,46.058961,1.902303,0.000817402,570295.221,8147.074585,26559463148
9.89564E+18,17.198281,-0.13329455,1.902117,0.000761622,570239.4597,8146.277995,26556866264
1.25178E+19,123.87818,22.557053,1.902047,0.00093467,570218.4742,8145.978203,26555888942
8.53784E+18,333.78064,22.928032,1.902043,0.000763161,570217.2751,8145.961072,26555833095
9.89457E+18,14.514017,-0.007723651,1.901773,0.00094489,570136.3312,8144.804732,26552063425
8.84867E+18,17.517348,2.1127016,1.901769,0.001432492,570135.132,8144.787601,26552007578
9.44184E+18,193.80386,40.791355,1.901694,5.42E-05,570112.6476,8144.466395,26550960448
1.25032E+19,133.31315,22.375275,1.901264,0.000495395,569983.7371,8142.624816,26544956899
9.57034E+18,213.33047,46.433542,1.901216,0.000445799,569969.3471,8142.419244,26544286735
9.23467E+18,205.83205,56.372349,1.901215,0.000845837,569969.0473,8142.414961,26544272773
1.1785E+19,162.81949,24.207883,1.90121,0.001197046,569967.5483,8142.393547,26544202965
1.0588E+19,8.3830626,-2.4461512,1.901104,0.000311562,569935.7704,8141.939577,26542723020
9.93276E+18,160.05923,38.307914,1.901049,0.000823206,569919.2818,8141.704026,26541955124
1.25021E+19,116.01824,24.445553,1.901031,3.238485,569913.8856,8141.626936,26541703813
8.90831E+18,14.095542,-2.9344985,1.901017,0.1650097,569909.6885,8141.566978,26541508348
1.05331E+19,123.27296,35.282805,1.900953,0.001451341,569890.5018,8141.292883,26540614797
1.07818E+19,155.17152,16.148566,1.900896,0.000444572,569873.4136,8141.048766,26539818978
9.25045E+18,189.57551,53.662855,1.900795,0.000501639,569843.1346,8140.616209,26538408842
8.81361E+18,37.561621,-0.53359081,1.900532,0.001432721,569764.2893,8139.489848,26534736904
9.60506E+18,248.87204,43.668031,1.900505,0.000268811,569756.195,8139.374214,26534359937
8.5884E+18,24.325687,18.381825,1.900396,0.00075607,569723.5176,8138.907395,26532838107
1.03281E+19,346.26422,2.6674128,1.900383,0.000810226,569719.6203,8138.851719,26532656604
8.3058E+18,122.64722,51.263371,1.900349,7.33E-05,569709.4274,8138.706106,26532181905
9.34836E+18,119.90546,47.354949,1.900346,0.07004146,569708.528,8138.693258,26532140020
8.56365E+18,350.8166,21.341787,1.899987,0.001054374,569600.9027,8137.155753,26527127755
1.17489E+19,142.94907,29.289622,1.899949,0.000404163,569589.5106,8136.993009,26526597208
1.17771E+19,156.74999,31.97202,1.899827,0.000753671,569552.936,8136.470514,26524893876
9.85281E+18,12.133133,3.9151259,1.899798,0.00106769,569544.242,8136.346315,26524488985
9.57934E+18,237.0372,45.583083,1.899559,0.001174786,569472.5917,8135.322739,26521152129
1.05072E+19,18.69372,-2.2543684,1.899252,0.000510436,569380.5556,8134.007937,26516865874
9.2245E+18,133.46909,58.723205,1.899198,0.000500375,569364.3668,8133.776669,26516111940
1.02988E+19,333.369,-0.52485656,1.899163,0.001291116,569353.8741,8133.626773,26515623279
9.43643E+18,178.85651,42.046825,1.898954,0.000570878,569291.2176,8132.73168,26512705275
9.19322E+18,168.06516,53.540599,1.898858,0.000955194,569262.4375,8132.320536,26511364948
1.20033E+19,135.3491,27.269591,1.898749,0.000412301,569229.7602,8131.853717,26509843118
1.28253E+19,176.49205,31.888623,1.898445,0.0004994,569138.6234,8130.551763,26505598749
1.22881E+19,249.65178,32.180467,1.898412,0.001072785,569128.7303,8130.410433,26505138011
1.03561E+19,359.5394,-0.50511133,1.898368,0.0009185,569115.5395,8130.221992,26504523695
1.08347E+19,144.12379,23.570283,1.898299,0.0007401,569094.8538,8129.926483,26503560334
8.21137E+18,130.25977,52.743267,1.898098,0.000374162,569034.5956,8129.065652,26500754024
8.71357E+18,31.90896,30.209038,1.898079,0.000278185,569028.8996,8128.98428,26500488751
9.60512E+18,247.0067,43.397762,1.897902,0.00066863,568975.8364,8128.226234,26498017523
1.31214E+19,258.65938,32.294458,1.897809,0.000466665,568947.9557,8127.827939,26496719081
9.26739E+18,190.15482,55.442988,1.897807,0.000440193,568947.3561,8127.819373,26496691158
1.08155E+19,128.94253,25.901269,1.897732,0.000698298,568924.8717,8127.498168,26495644027
8.45783E+18,132.4649,48.567253,1.897681,0.08354589,568909.5824,8127.279748,26494931978
9.8541E+18,13.572,6.3811986,1.897671,0.5722892,568906.5844,8127.23692,26494792361
4.94841E+18,34.330253,-9.0979736,1.897651,0.000512951,568900.5886,8127.151266,26494513126
8.8262E+18,28.40832,2.1583621,1.897635,0.001445839,568895.7919,8127.082742,26494289738
1.17703E+19,152.73044,30.283646,1.897497,0.000761678,568854.4206,8126.491723,26492363018
5.64987E+18,213.92761,53.033806,1.897416,0.000385315,568830.1375,8126.144821,26491232117
1.05656E+19,29.384808,-0.61814294,1.897381,0.000597559,568819.6448,8125.994925,26490743456
9.27424E+18,180.28364,59.849928,1.897195,0.001390731,568763.8834,8125.198335,26488146572
1.17984E+19,163.32247,31.79108,1.897104,0.000964588,568736.6024,8124.808605,26486876053
1.03258E+19,341.95827,1.7128478,1.897087,0.000757747,568731.5059,8124.735799,26486638704
1.05903E+19,3.4890626,0.036213905,1.897033,5.27E-05,568715.3171,8124.504531,26485884769
9.47446E+18,229.40539,55.033643,1.897019,8.56E-05,568711.12,8124.444572,26485689305
9.27184E+18,190.7249,58.777713,1.897019,45.38837,568711.12,8124.444572,26485689305
1.24525E+19,24.72193,13.311427,1.89701,0.01827005,568708.4219,8124.406027,26485563649
1.31472E+19,139.27851,25.204534,1.896981,0.0006567,568699.728,8124.281828,26485158759
1.08077E+19,132.91269,24.625053,1.89686,0.002079796,568663.4531,8123.763616,26483469388
1.05904E+19,3.1065575,1.1133639,1.896545,0.00136922,568569.0186,8122.414552,26479071440
1.27049E+19,354.83386,5.1628333,1.896347,0.02219789,568509.6598,8121.566569,26476307015
1.17534E+19,140.63373,32.419192,1.896332,0.3049066,568505.1629,8121.502328,26476097589
9.86864E+18,351.10641,-0.62691324,1.896328,12.7529,568503.9638,8121.485197,26476041742
1.15654E+19,159.10074,35.971055,1.896297,0.7811002,568494.6702,8121.352432,26475608928
1.03776E+19,338.26217,-1.0239517,1.896148,0.000560619,568450.0012,8120.714303,26473528628
9.44187E+18,193.22631,41.37141,1.896124,0.000671235,568442.8062,8120.611517,26473193546
1.17647E+19,150.47068,29.242634,1.89612,0.000343381,568441.607,8120.594386,26473137699
1.0757E+19,139.44487,18.331045,1.896034,0.001598978,568415.8249,8120.22607,26471936990
8.87111E+18,40.724457,-4.2543195,1.896001,0.000875112,568405.9318,8120.08474,26471476252
8.80368E+18,44.542249,2.518098,1.89595,0.000882932,568390.6424,8119.86632,26470764203
